PIN,Student Name,Section,GNSPES Email,Pronouns,Task / Stage,Submission Data (JSON),Formatted Summary,Last Updated,Healthy Living 8: Grade 7 Learning Audit
CRA,Cora,804,acl482399@gnspes.ca,she/her,Healthy Living 8: Grade 7 Learning Audit,"{""name"":""Cora"",""pin"":""CRA"",""className"":""804"",""email"":""acl482399@gnspes.ca"",""pronouns"":""she/her"",""phonetic"":""kor ah"",""transit"":""Arielle, vasha, marielle"",""peers"":""Arielle, vasha, marielle"",""curious"":""learning"",""matrix"":{""Decision-Making, Peer Norms & Emotional Coping (HL7 Outcome 1)"":""Never"",""Tech Habits, Sleep Quality, Nutrition & Disease Prevention (HL7 Outcome 2)"":""Deep"",""Mental Health Literacy, Brain Mechanics & Resiliency (HL7 Outcome 3)"":""Deep"",""Puberty, Body Image Pressures & Sexual/Reproductive Health (HL7 Outcome 4)"":""Deep"",""Relationships, Boundaries, Digital Laws & Exploitation Awareness (HL7 Outcome 5)"":""Never"",""Substance Literacy, Harms, Refusal & Brain Growth (HL7 Outcome 6)"":""Over-Covered""},""matrix_comments"":{},""formats"":[""🎬 Video Breakdowns & Visual Media""],""knowledge_check"":{""q1"":""Not Answered"",""q2"":""Not Answered"",""q3"":""Not Answered"",""q4"":""Not Answered"",""q5"":""Not Answered"",""q6"":""Not Answered""},""overdone"":""stations"",""real_questions"":""I don't have any"",""where_personal"":"""",""where_community"":"""",""where_global"":"""",""where_aspirational"":"""",""teacher_note"":""""}",HL8 Diagnostic (Grade 7 Audit) | Email: acl482399@gnspes.ca | Pronouns: she/her | Notes: None | Note: None,9/11/2026 9:51:11,
VAB,Vasylyna,804,bv414078@gnspes.ca,she/her,HL8 5-Dimension Systems Audit,"{""name"":""Vasylyna"",""pin"":""VAB"",""className"":""804"",""email"":""bv414078@gnspes.ca"",""pronouns"":""she/her"",""phonetic"":""Vasha"",""transit"":""Arielle Sparks and Cora"",""peers"":""Arielle Sparks and Cora"",""curious"":""I'm looking forward to learning more about how our brians work and develop and want to learn more about different disorders."",""matrix"":{""Decision-Making, Peer Norms & Emotional Coping (HL7 Outcome 1)"":""Over-Covered"",""Tech Habits, Sleep Quality, Nutrition & Disease Prevention (HL7 Outcome 2)"":""Over-Covered"",""Mental Health Literacy, Brain Mechanics & Resiliency (HL7 Outcome 3)"":""Deep"",""Puberty, Body Image Pressures & Sexual/Reproductive Health (HL7 Outcome 4)"":""Deep"",""Relationships, Boundaries, Digital Laws & Exploitation Awareness (HL7 Outcome 5)"":""Over-Covered"",""Substance Literacy, Harms, Refusal & Brain Growth (HL7 Outcome 6)"":""Over-Covered""},""matrix_comments"":{""Decision-Making, Peer Norms & Emotional Coping (HL7 Outcome 1)"":""we had a whole unit on that, and watched a lot of different videos on that topic. Probably the biggest unit we had."",""Tech Habits, Sleep Quality, Nutrition & Disease Prevention (HL7 Outcome 2)"":""same thing, was in the same unit."",""Mental Health Literacy, Brain Mechanics & Resiliency (HL7 Outcome 3)"":""We talked about it for a lot. And had a test on this unit."",""Puberty, Body Image Pressures & Sexual/Reproductive Health (HL7 Outcome 4)"":""Only had about 2 lessons, but covered a lot I'd say."",""Relationships, Boundaries, Digital Laws & Exploitation Awareness (HL7 Outcome 5)"":""Was alon with the sexual health unit. Probably covered it more than the actual sexual health unit."",""Substance Literacy, Harms, Refusal & Brain Growth (HL7 Outcome 6)"":""The last big project that we did, took us way too long in my opinion.""},""formats"":[""🎯 Interactive Case Studies & Scenarios"",""📥 Anonymous Question Box & Real Talk"",""🎬 Video Breakdowns & Visual Media""],""knowledge_check"":{""q1"":""B"",""q2"":""A"",""q3"":""A"",""q4"":""B"",""q5"":""B"",""q6"":""A""},""overdone"":""Probably the sleeping unit, took us so long and think it was a waste of time and we could have focused on more important units like brain development."",""real_questions"":""I don't have any questions. But I want to cover more about sexual harassment so people will understand how serious it is."",""where_personal"":""10 to 12 pm usually wake up around 7:30 am."",""where_community"":""I'm not falling asleep but slightly tired but wake up after first period."",""where_global"":""I go to the gym at least 2 times a week."",""where_aspirational"":""I usually lisent to music and write in my journal or watch something."",""teacher_note"":""I prefer it to be quiet when I write cause English is my second language and I often misspell when it's loud. Besides that, nothing."",""auditors"":""Vasylyna Bilenko"",""partner"":"""",""section"":""804"",""date"":""Sep 16, 2026"",""answers"":{""radar_phys"":""1"",""radar_ment"":""1"",""radar_soc"":""5"",""radar_int"":""4"",""radar_spir"":""5"",""anchor_dim"":""[SPIR] Spiritual/Values"",""anchor_why"":"" I guess it's because I have a strong understanding of who I want to be when I grow up and I just know what my strong sides are and what skills I can use in order to succeed. And I just know that I do have a good personality and how to work with other people."",""s01_dim"":""[PHYS] Physical"",""s01_d1"":""It starts when Devon stays up scrolling late instead of putting his phone down and going to bed on time to get enough rest."",""s01_d2"":""He dosen't get enough sleep daily and ends up being tired all the time and he can't focus on his daily tasks and honestly just becomes emotionally drained."",""s01_d3"":""He can't focus on his tasks and his practices because of lack of sleep."",""s01_advice"":""I would recommend not using your phone for about 20 mins before bed and put it on the charger on your table and read a book or something until you fall asleep. (If I can't asleep I start doing homework for my tutor, the best way to get tired and fall asleep)"",""s02_dim"":"""",""s02_d1"":"""",""s02_d2"":"""",""s02_d3"":"""",""s02_advice"":"""",""s03_dim"":"""",""s03_d1"":"""",""s03_d2"":"""",""s03_d3"":"""",""s03_advice"":"""",""s04_dim"":"""",""s04_d1"":"""",""s04_d2"":"""",""s04_d3"":"""",""s04_advice"":"""",""s05_dim"":"""",""s05_d1"":"""",""s05_d2"":"""",""s05_d3"":"""",""s05_advice"":"""",""s06_dim"":"""",""s06_d1"":"""",""s06_d2"":"""",""s06_d3"":"""",""s06_advice"":"""",""s07_dim"":"""",""s07_d1"":"""",""s07_d2"":"""",""s07_d3"":"""",""s07_advice"":"""",""s08_dim"":"""",""s08_d1"":"""",""s08_d2"":"""",""s08_d3"":"""",""s08_advice"":"""",""s09_dim"":"""",""s09_d1"":"""",""s09_d2"":"""",""s09_d3"":"""",""s09_advice"":"""",""s10_dim"":"""",""s10_d1"":"""",""s10_d2"":"""",""s10_d3"":"""",""s10_advice"":"""",""lab_patient"":"""",""lab_crx"":"""",""lab_repair"":""""},""_tasks"":{""HL8 5-Dimension Systems Audit"":{""updated"":""2026-09-16T12:56:47.406Z"",""summary"":""HL8 5-Dimension Systems Audit | Lead: Vasylyna Bilenko | Class: 804 | Completed: 12/60"",""data"":{""name"":""Vasylyna"",""auditors"":""Vasylyna Bilenko"",""partner"":"""",""section"":""804"",""className"":""804"",""date"":""Sep 16, 2026"",""pin"":""VAB"",""answers"":{""radar_phys"":""1"",""radar_ment"":""1"",""radar_soc"":""5"",""radar_int"":""4"",""radar_spir"":""5"",""anchor_dim"":""[SPIR] Spiritual/Values"",""anchor_why"":"" I guess it's because I have a strong understanding of who I want to be when I grow up and I just know what my strong sides are and what skills I can use in order to succeed. And I just know that I do have a good personality and how to work with other people."",""s01_dim"":""[PHYS] Physical"",""s01_d1"":""It starts when Devon stays up scrolling late instead of putting his phone down and going to bed on time to get enough rest."",""s01_d2"":""He dosen't get enough sleep daily and ends up being tired all the time and he can't focus on his daily tasks and honestly just becomes emotionally drained."",""s01_d3"":""He can't focus on his tasks and his practices because of lack of sleep."",""s01_advice"":""I would recommend not using your phone for about 20 mins before bed and put it on the charger on your table and read a book or something until you fall asleep. (If I can't asleep I start doing homework for my tutor, the best way to get tired and fall asleep)"",""s02_dim"":"""",""s02_d1"":"""",""s02_d2"":"""",""s02_d3"":"""",""s02_advice"":"""",""s03_dim"":"""",""s03_d1"":"""",""s03_d2"":"""",""s03_d3"":"""",""s03_advice"":"""",""s04_dim"":"""",""s04_d1"":"""",""s04_d2"":"""",""s04_d3"":"""",""s04_advice"":"""",""s05_dim"":"""",""s05_d1"":"""",""s05_d2"":"""",""s05_d3"":"""",""s05_advice"":"""",""s06_dim"":"""",""s06_d1"":"""",""s06_d2"":"""",""s06_d3"":"""",""s06_advice"":"""",""s07_dim"":"""",""s07_d1"":"""",""s07_d2"":"""",""s07_d3"":"""",""s07_advice"":"""",""s08_dim"":"""",""s08_d1"":"""",""s08_d2"":"""",""s08_d3"":"""",""s08_advice"":"""",""s09_dim"":"""",""s09_d1"":"""",""s09_d2"":"""",""s09_d3"":"""",""s09_advice"":"""",""s10_dim"":"""",""s10_d1"":"""",""s10_d2"":"""",""s10_d3"":"""",""s10_advice"":"""",""lab_patient"":"""",""lab_crx"":"""",""lab_repair"":""""}}},""Healthy Living 8: Grade 7 Learning Audit"":{""updated"":""2026-09-16T12:48:24.069Z"",""summary"":""HL8 Diagnostic (Grade 7 Audit) | Email: bv414078@gnspes.ca | Pronouns: she/her | Notes: 6 outcome notes | Note: Yes"",""data"":{""name"":""Vasylyna"",""pin"":""VAB"",""className"":""804"",""email"":""bv414078@gnspes.ca"",""pronouns"":""she/her"",""phonetic"":""Vasha"",""transit"":""Arielle Sparks and Cora"",""peers"":""Arielle Sparks and Cora"",""curious"":""I'm looking forward to learning more about how our brians work and develop and want to learn more about different disorders."",""matrix"":{""Decision-Making, Peer Norms & Emotional Coping (HL7 Outcome 1)"":""Over-Covered"",""Tech Habits, Sleep Quality, Nutrition & Disease Prevention (HL7 Outcome 2)"":""Over-Covered"",""Mental Health Literacy, Brain Mechanics & Resiliency (HL7 Outcome 3)"":""Deep"",""Puberty, Body Image Pressures & Sexual/Reproductive Health (HL7 Outcome 4)"":""Deep"",""Relationships, Boundaries, Digital Laws & Exploitation Awareness (HL7 Outcome 5)"":""Over-Covered"",""Substance Literacy, Harms, Refusal & Brain Growth (HL7 Outcome 6)"":""Over-Covered""},""matrix_comments"":{""Decision-Making, Peer Norms & Emotional Coping (HL7 Outcome 1)"":""we had a whole unit on that, and watched a lot of different videos on that topic. Probably the biggest unit we had."",""Tech Habits, Sleep Quality, Nutrition & Disease Prevention (HL7 Outcome 2)"":""same thing, was in the same unit."",""Mental Health Literacy, Brain Mechanics & Resiliency (HL7 Outcome 3)"":""We talked about it for a lot. And had a test on this unit."",""Puberty, Body Image Pressures & Sexual/Reproductive Health (HL7 Outcome 4)"":""Only had about 2 lessons, but covered a lot I'd say."",""Relationships, Boundaries, Digital Laws & Exploitation Awareness (HL7 Outcome 5)"":""Was alon with the sexual health unit. Probably covered it more than the actual sexual health unit."",""Substance Literacy, Harms, Refusal & Brain Growth (HL7 Outcome 6)"":""The last big project that we did, took us way too long in my opinion.""},""formats"":[""🎯 Interactive Case Studies & Scenarios"",""📥 Anonymous Question Box & Real Talk"",""🎬 Video Breakdowns & Visual Media""],""knowledge_check"":{""q1"":""B"",""q2"":""A"",""q3"":""A"",""q4"":""B"",""q5"":""B"",""q6"":""A""},""overdone"":""Probably the sleeping unit, took us so long and think it was a waste of time and we could have focused on more important units like brain development."",""real_questions"":""I don't have any questions. But I want to cover more about sexual harassment so people will understand how serious it is."",""where_personal"":""10 to 12 pm usually wake up around 7:30 am."",""where_community"":""I'm not falling asleep but slightly tired but wake up after first period."",""where_global"":""I go to the gym at least 2 times a week."",""where_aspirational"":""I usually lisent to music and write in my journal or watch something."",""teacher_note"":""I prefer it to be quiet when I write cause English is my second language and I often misspell when it's loud. Besides that, nothing.""}}}}",HL8 5-Dimension Systems Audit | Lead: Vasylyna Bilenko | Class: 804 | Completed: 12/60,9/16/2026 9:56:47,
CAD,Caspian Doak,804,dcw748096@gnspes.ca,he/him,Healthy Living 8: Grade 7 Learning Audit,"{""name"":""Caspian Doak"",""pin"":""CAD"",""className"":""804"",""email"":""dcw748096@gnspes.ca"",""pronouns"":""he/him"",""phonetic"":""cah s pee in"",""transit"":""molly"",""peers"":""molly"",""curious"":""how to go to sleep better and easier"",""matrix"":{""Decision-Making, Peer Norms & Emotional Coping (HL7 Outcome 1)"":""Not Specified"",""Tech Habits, Sleep Quality, Nutrition & Disease Prevention (HL7 Outcome 2)"":""Not Specified"",""Mental Health Literacy, Brain Mechanics & Resiliency (HL7 Outcome 3)"":""Not Specified"",""Puberty, Body Image Pressures & Sexual/Reproductive Health (HL7 Outcome 4)"":""Not Specified"",""Relationships, Boundaries, Digital Laws & Exploitation Awareness (HL7 Outcome 5)"":""Not Specified"",""Substance Literacy, Harms, Refusal & Brain Growth (HL7 Outcome 6)"":""Not Specified""},""matrix_comments"":{},""formats"":[],""knowledge_check"":{""q1"":""Not Answered"",""q2"":""Not Answered"",""q3"":""Not Answered"",""q4"":""Not Answered"",""q5"":""Not Answered"",""q6"":""Not Answered""},""overdone"":"""",""real_questions"":"""",""where_personal"":"""",""where_community"":"""",""where_global"":"""",""where_aspirational"":"""",""teacher_note"":""""}",HL8 Diagnostic (Grade 7 Audit) | Email: dcw748096@gnspes.ca | Pronouns: he/him | Notes: None | Note: None,9/11/2026 10:00:06,
MDN,Margot,804,,,HL8 5-Dimension Systems Audit,"{""name"":""Margot"",""auditors"":""Margot Donaldson"",""partner"":""Kate Ducette"",""section"":""804"",""className"":""804"",""date"":""Sep 16, 2026"",""pin"":""MDN"",""answers"":{""radar_phys"":"""",""radar_ment"":"""",""radar_soc"":"""",""radar_int"":"""",""radar_spir"":"""",""anchor_dim"":"""",""anchor_why"":"""",""s01_dim"":"""",""s01_d1"":"""",""s01_d2"":"""",""s01_d3"":"""",""s01_advice"":"""",""s02_dim"":"""",""s02_d1"":"""",""s02_d2"":"""",""s02_d3"":"""",""s02_advice"":"""",""s03_dim"":""[SOC] Social"",""s03_d1"":""Mondays, 1st and 2nd periods"",""s03_d2"":""snaps at people, is irritable, needs instructions repeated."",""s03_d3"":""his grades and mood during the day."",""s03_advice"":""put down your phone 1 hour or more before bed and try to have a curfew."",""s04_dim"":""[PHYS] Physical"",""s04_d1"":""not enough sleep, witch he needs because he is really active, and too much screen time "",""s04_d2"":"""",""s04_d3"":"""",""s04_advice"":"""",""s05_dim"":"""",""s05_d1"":"""",""s05_d2"":"""",""s05_d3"":"""",""s05_advice"":"""",""s06_dim"":"""",""s06_d1"":"""",""s06_d2"":"""",""s06_d3"":"""",""s06_advice"":"""",""s07_dim"":"""",""s07_d1"":"""",""s07_d2"":"""",""s07_d3"":"""",""s07_advice"":"""",""s08_dim"":"""",""s08_d1"":"""",""s08_d2"":"""",""s08_d3"":"""",""s08_advice"":"""",""s09_dim"":"""",""s09_d1"":"""",""s09_d2"":"""",""s09_d3"":"""",""s09_advice"":"""",""s10_dim"":"""",""s10_d1"":"""",""s10_d2"":"""",""s10_d3"":"""",""s10_advice"":"""",""lab_patient"":"""",""lab_crx"":"""",""lab_repair"":""""},""_tasks"":{""HL8 5-Dimension Systems Audit"":{""updated"":""2026-09-16T12:59:36.969Z"",""summary"":""HL8 5-Dimension Systems Audit | Lead: Margot Donaldson | Class: 804 | Completed: 7/60"",""data"":{""name"":""Margot"",""auditors"":""Margot Donaldson"",""partner"":""Kate Ducette"",""section"":""804"",""className"":""804"",""date"":""Sep 16, 2026"",""pin"":""MDN"",""answers"":{""radar_phys"":"""",""radar_ment"":"""",""radar_soc"":"""",""radar_int"":"""",""radar_spir"":"""",""anchor_dim"":"""",""anchor_why"":"""",""s01_dim"":"""",""s01_d1"":"""",""s01_d2"":"""",""s01_d3"":"""",""s01_advice"":"""",""s02_dim"":"""",""s02_d1"":"""",""s02_d2"":"""",""s02_d3"":"""",""s02_advice"":"""",""s03_dim"":""[SOC] Social"",""s03_d1"":""Mondays, 1st and 2nd periods"",""s03_d2"":""snaps at people, is irritable, needs instructions repeated."",""s03_d3"":""his grades and mood during the day."",""s03_advice"":""put down your phone 1 hour or more before bed and try to have a curfew."",""s04_dim"":""[PHYS] Physical"",""s04_d1"":""not enough sleep, witch he needs because he is really active, and too much screen time "",""s04_d2"":"""",""s04_d3"":"""",""s04_advice"":"""",""s05_dim"":"""",""s05_d1"":"""",""s05_d2"":"""",""s05_d3"":"""",""s05_advice"":"""",""s06_dim"":"""",""s06_d1"":"""",""s06_d2"":"""",""s06_d3"":"""",""s06_advice"":"""",""s07_dim"":"""",""s07_d1"":"""",""s07_d2"":"""",""s07_d3"":"""",""s07_advice"":"""",""s08_dim"":"""",""s08_d1"":"""",""s08_d2"":"""",""s08_d3"":"""",""s08_advice"":"""",""s09_dim"":"""",""s09_d1"":"""",""s09_d2"":"""",""s09_d3"":"""",""s09_advice"":"""",""s10_dim"":"""",""s10_d1"":"""",""s10_d2"":"""",""s10_d3"":"""",""s10_advice"":"""",""lab_patient"":"""",""lab_crx"":"""",""lab_repair"":""""}}}}}",HL8 5-Dimension Systems Audit | Lead: Margot Donaldson | Class: 804 | Completed: 7/60,9/16/2026 9:59:37,
THD,Theo,804,dts468562@gnspes.ca,he/him,Healthy Living 8: Grade 7 Learning Audit,"{""name"":""Theo"",""auditors"":""Theo Davis"",""partner"":"""",""section"":""804"",""className"":""804"",""date"":""Sep 16, 2026"",""pin"":""THD"",""answers"":{""radar_phys"":""5"",""radar_ment"":""4"",""radar_soc"":""4"",""radar_int"":""3"",""radar_spir"":""4"",""anchor_dim"":""[PHYS] Physical"",""anchor_why"":"""",""s01_dim"":""[PHYS] Physical"",""s01_d1"":""Going to sleep too late."",""s01_d2"":""losing sleep time."",""s01_d3"":""Sits out for basketball practice and does not have energy."",""s01_advice"":""Go to sleep at your actual bedtime. Put your phone on silent and not have it near you when you're going to bed. Turn your phone off 30 minutes before you go to bed. "",""s02_dim"":""[MENT] Mental/Emotional"",""s02_d1"":"""",""s02_d2"":"""",""s02_d3"":"""",""s02_advice"":"""",""s03_dim"":"""",""s03_d1"":"""",""s03_d2"":"""",""s03_d3"":"""",""s03_advice"":"""",""s04_dim"":"""",""s04_d1"":"""",""s04_d2"":"""",""s04_d3"":"""",""s04_advice"":"""",""s05_dim"":"""",""s05_d1"":"""",""s05_d2"":"""",""s05_d3"":"""",""s05_advice"":"""",""s06_dim"":"""",""s06_d1"":"""",""s06_d2"":"""",""s06_d3"":"""",""s06_advice"":"""",""s07_dim"":"""",""s07_d1"":"""",""s07_d2"":"""",""s07_d3"":"""",""s07_advice"":"""",""s08_dim"":"""",""s08_d1"":"""",""s08_d2"":"""",""s08_d3"":"""",""s08_advice"":"""",""s09_dim"":"""",""s09_d1"":"""",""s09_d2"":"""",""s09_d3"":"""",""s09_advice"":"""",""s10_dim"":"""",""s10_d1"":"""",""s10_d2"":"""",""s10_d3"":"""",""s10_advice"":"""",""lab_patient"":"""",""lab_crx"":"""",""lab_repair"":""""},""_tasks"":{""HL8 5-Dimension Systems Audit"":{""updated"":""2026-09-16T12:53:55.323Z"",""summary"":""HL8 5-Dimension Systems Audit | Lead: Theo Davis | Class: 804 | Completed: 12/60"",""data"":{""name"":""Theo"",""auditors"":""Theo Davis"",""partner"":"""",""section"":""804"",""className"":""804"",""date"":""Sep 16, 2026"",""pin"":""THD"",""answers"":{""radar_phys"":""5"",""radar_ment"":""4"",""radar_soc"":""4"",""radar_int"":""3"",""radar_spir"":""4"",""anchor_dim"":""[PHYS] Physical"",""anchor_why"":"""",""s01_dim"":""[PHYS] Physical"",""s01_d1"":""Going to sleep too late."",""s01_d2"":""losing sleep time."",""s01_d3"":""Sits out for basketball practice and does not have energy."",""s01_advice"":""Go to sleep at your actual bedtime. Put your phone on silent and not have it near you when you're going to bed. Turn your phone off 30 minutes before you go to bed. "",""s02_dim"":""[MENT] Mental/Emotional"",""s02_d1"":"""",""s02_d2"":"""",""s02_d3"":"""",""s02_advice"":"""",""s03_dim"":"""",""s03_d1"":"""",""s03_d2"":"""",""s03_d3"":"""",""s03_advice"":"""",""s04_dim"":"""",""s04_d1"":"""",""s04_d2"":"""",""s04_d3"":"""",""s04_advice"":"""",""s05_dim"":"""",""s05_d1"":"""",""s05_d2"":"""",""s05_d3"":"""",""s05_advice"":"""",""s06_dim"":"""",""s06_d1"":"""",""s06_d2"":"""",""s06_d3"":"""",""s06_advice"":"""",""s07_dim"":"""",""s07_d1"":"""",""s07_d2"":"""",""s07_d3"":"""",""s07_advice"":"""",""s08_dim"":"""",""s08_d1"":"""",""s08_d2"":"""",""s08_d3"":"""",""s08_advice"":"""",""s09_dim"":"""",""s09_d1"":"""",""s09_d2"":"""",""s09_d3"":"""",""s09_advice"":"""",""s10_dim"":"""",""s10_d1"":"""",""s10_d2"":"""",""s10_d3"":"""",""s10_advice"":"""",""lab_patient"":"""",""lab_crx"":"""",""lab_repair"":""""}}},""Healthy Living 8: Grade 7 Learning Audit"":{""updated"":""2026-09-16T13:04:03.450Z"",""summary"":""HL8 Diagnostic (Grade 7 Audit) | Email: dts468562@gnspes.ca | Pronouns: he/him | Notes: None | Note: None"",""data"":{""name"":""Theo"",""pin"":""THD"",""className"":""804"",""email"":""dts468562@gnspes.ca"",""pronouns"":""he/him"",""phonetic"":""The-oh"",""transit"":""Cameron and Ronn"",""peers"":""Cameron and Ronn"",""curious"":""Real fitness and health."",""matrix"":{""Decision-Making, Peer Norms & Emotional Coping (HL7 Outcome 1)"":""Deep"",""Tech Habits, Sleep Quality, Nutrition & Disease Prevention (HL7 Outcome 2)"":""Over-Covered"",""Mental Health Literacy, Brain Mechanics & Resiliency (HL7 Outcome 3)"":""Brief"",""Puberty, Body Image Pressures & Sexual/Reproductive Health (HL7 Outcome 4)"":""Deep"",""Relationships, Boundaries, Digital Laws & Exploitation Awareness (HL7 Outcome 5)"":""Deep"",""Substance Literacy, Harms, Refusal & Brain Growth (HL7 Outcome 6)"":""Deep""},""matrix_comments"":{},""formats"":[""👥 Small-Group Problem Solving""],""knowledge_check"":{""q1"":""B"",""q2"":""A"",""q3"":""A"",""q4"":""B"",""q5"":""B"",""q6"":""A""},""overdone"":"""",""real_questions"":"""",""where_personal"":""9:30"",""where_community"":""Kinda tired."",""where_global"":""Soccer and Pe class."",""where_aspirational"":""Turning off my phone."",""teacher_note"":""""}}},""email"":""dts468562@gnspes.ca"",""pronouns"":""he/him"",""phonetic"":""The-oh"",""transit"":""Cameron and Ronn"",""peers"":""Cameron and Ronn"",""curious"":""Real fitness and health."",""matrix"":{""Decision-Making, Peer Norms & Emotional Coping (HL7 Outcome 1)"":""Deep"",""Tech Habits, Sleep Quality, Nutrition & Disease Prevention (HL7 Outcome 2)"":""Over-Covered"",""Mental Health Literacy, Brain Mechanics & Resiliency (HL7 Outcome 3)"":""Brief"",""Puberty, Body Image Pressures & Sexual/Reproductive Health (HL7 Outcome 4)"":""Deep"",""Relationships, Boundaries, Digital Laws & Exploitation Awareness (HL7 Outcome 5)"":""Deep"",""Substance Literacy, Harms, Refusal & Brain Growth (HL7 Outcome 6)"":""Deep""},""matrix_comments"":{},""formats"":[""👥 Small-Group Problem Solving""],""knowledge_check"":{""q1"":""B"",""q2"":""A"",""q3"":""A"",""q4"":""B"",""q5"":""B"",""q6"":""A""},""overdone"":"""",""real_questions"":"""",""where_personal"":""9:30"",""where_community"":""Kinda tired."",""where_global"":""Soccer and Pe class."",""where_aspirational"":""Turning off my phone."",""teacher_note"":""""}",HL8 Diagnostic (Grade 7 Audit) | Email: dts468562@gnspes.ca | Pronouns: he/him | Notes: None | Note: None,9/16/2026 10:04:03,
HED,Heavenly,804,,,Active / Logged In,{},Initial Login,9/8/2026 11:46:52,
ACA,Jack,804,,,Active / Logged In,{},Initial Login,9/8/2026 11:46:53,
KAD,Kate,804,dka482761@gnspes.ca,she/her,HL8 5-Dimension Systems Audit,"{""name"":""Kate"",""pin"":""KAD"",""className"":""804"",""email"":""dka482761@gnspes.ca"",""pronouns"":""she/her"",""phonetic"":"""",""transit"":""Charlotte, Rosie, Marielle, Margot"",""peers"":""Charlotte, Rosie, Marielle, Margot"",""curious"":""I don't know"",""matrix"":{""Decision-Making, Peer Norms & Emotional Coping (HL7 Outcome 1)"":""Brief"",""Tech Habits, Sleep Quality, Nutrition & Disease Prevention (HL7 Outcome 2)"":""Over-Covered"",""Mental Health Literacy, Brain Mechanics & Resiliency (HL7 Outcome 3)"":""Over-Covered"",""Puberty, Body Image Pressures & Sexual/Reproductive Health (HL7 Outcome 4)"":""Over-Covered"",""Relationships, Boundaries, Digital Laws & Exploitation Awareness (HL7 Outcome 5)"":""Deep"",""Substance Literacy, Harms, Refusal & Brain Growth (HL7 Outcome 6)"":""Brief""},""matrix_comments"":{},""formats"":[],""knowledge_check"":{""q1"":""B"",""q2"":""A"",""q3"":""A"",""q4"":""B"",""q5"":""B"",""q6"":""A""},""overdone"":"""",""real_questions"":"""",""where_personal"":""In bed by 9:45 and to sleep around 10:15"",""where_community"":""A little tired but usually up and awake"",""where_global"":""I go for walks, Do over 8 hours of Dance a week and play volleyball."",""where_aspirational"":""I go to dance with my friends and don't focuse on others things"",""teacher_note"":"""",""auditors"":""Kate Doucette"",""partner"":""Margot"",""section"":""804"",""date"":""Sep 16, 2026"",""answers"":{""radar_phys"":""5"",""radar_ment"":""3"",""radar_soc"":""5"",""radar_int"":""4"",""radar_spir"":""4"",""anchor_dim"":""[SOC] Social"",""anchor_why"":"""",""s01_dim"":"""",""s01_d1"":"""",""s01_d2"":"""",""s01_d3"":"""",""s01_advice"":"""",""s02_dim"":"""",""s02_d1"":"""",""s02_d2"":"""",""s02_d3"":"""",""s02_advice"":"""",""s03_dim"":""[SOC] Social"",""s03_d1"":""lack of sleep"",""s03_d2"":""snaps at people and gets cranky"",""s03_d3"":""his mood and grades during the day"",""s03_advice"":""To focus more on sleep schedules"",""s04_dim"":""[PHYS] Physical"",""s04_d1"":""not enough sleep too much activity"",""s04_d2"":""still doing too much in the day and not fully recharging"",""s04_d3"":""not enough sleep in the week and on weekends."",""s04_advice"":"""",""s05_dim"":"""",""s05_d1"":"""",""s05_d2"":"""",""s05_d3"":"""",""s05_advice"":"""",""s06_dim"":"""",""s06_d1"":"""",""s06_d2"":"""",""s06_d3"":"""",""s06_advice"":"""",""s07_dim"":"""",""s07_d1"":"""",""s07_d2"":"""",""s07_d3"":"""",""s07_advice"":"""",""s08_dim"":"""",""s08_d1"":"""",""s08_d2"":"""",""s08_d3"":"""",""s08_advice"":"""",""s09_dim"":"""",""s09_d1"":"""",""s09_d2"":"""",""s09_d3"":"""",""s09_advice"":"""",""s10_dim"":"""",""s10_d1"":"""",""s10_d2"":"""",""s10_d3"":"""",""s10_advice"":"""",""lab_patient"":"""",""lab_crx"":"""",""lab_repair"":""""},""_tasks"":{""HL8 5-Dimension Systems Audit"":{""updated"":""2026-09-16T13:02:10.858Z"",""summary"":""HL8 5-Dimension Systems Audit | Lead: Kate Doucette | Class: 804 | Completed: 15/60"",""data"":{""name"":""Kate"",""auditors"":""Kate Doucette"",""partner"":""Margot"",""section"":""804"",""className"":""804"",""date"":""Sep 16, 2026"",""pin"":""KAD"",""answers"":{""radar_phys"":""5"",""radar_ment"":""3"",""radar_soc"":""5"",""radar_int"":""4"",""radar_spir"":""4"",""anchor_dim"":""[SOC] Social"",""anchor_why"":"""",""s01_dim"":"""",""s01_d1"":"""",""s01_d2"":"""",""s01_d3"":"""",""s01_advice"":"""",""s02_dim"":"""",""s02_d1"":"""",""s02_d2"":"""",""s02_d3"":"""",""s02_advice"":"""",""s03_dim"":""[SOC] Social"",""s03_d1"":""lack of sleep"",""s03_d2"":""snaps at people and gets cranky"",""s03_d3"":""his mood and grades during the day"",""s03_advice"":""To focus more on sleep schedules"",""s04_dim"":""[PHYS] Physical"",""s04_d1"":""not enough sleep too much activity"",""s04_d2"":""still doing too much in the day and not fully recharging"",""s04_d3"":""not enough sleep in the week and on weekends."",""s04_advice"":"""",""s05_dim"":"""",""s05_d1"":"""",""s05_d2"":"""",""s05_d3"":"""",""s05_advice"":"""",""s06_dim"":"""",""s06_d1"":"""",""s06_d2"":"""",""s06_d3"":"""",""s06_advice"":"""",""s07_dim"":"""",""s07_d1"":"""",""s07_d2"":"""",""s07_d3"":"""",""s07_advice"":"""",""s08_dim"":"""",""s08_d1"":"""",""s08_d2"":"""",""s08_d3"":"""",""s08_advice"":"""",""s09_dim"":"""",""s09_d1"":"""",""s09_d2"":"""",""s09_d3"":"""",""s09_advice"":"""",""s10_dim"":"""",""s10_d1"":"""",""s10_d2"":"""",""s10_d3"":"""",""s10_advice"":"""",""lab_patient"":"""",""lab_crx"":"""",""lab_repair"":""""}}}}}",HL8 5-Dimension Systems Audit | Lead: Kate Doucette | Class: 804 | Completed: 15/60,9/16/2026 10:02:11,
MAH,Marielle,804,hmm482795@gnspes.ca,she/her,Healthy Living 8: Grade 7 Learning Audit,"{""name"":""Marielle"",""pin"":""MAH"",""className"":""804"",""email"":""hmm482795@gnspes.ca"",""pronouns"":""she/her"",""phonetic"":""Marielle Hickey"",""transit"":""charlotte, rosie"",""peers"":""charlotte, rosie"",""curious"":""sleep and sports"",""matrix"":{""Decision-Making, Peer Norms & Emotional Coping (HL7 Outcome 1)"":""Never"",""Tech Habits, Sleep Quality, Nutrition & Disease Prevention (HL7 Outcome 2)"":""Over-Covered"",""Mental Health Literacy, Brain Mechanics & Resiliency (HL7 Outcome 3)"":""Over-Covered"",""Puberty, Body Image Pressures & Sexual/Reproductive Health (HL7 Outcome 4)"":""Over-Covered"",""Relationships, Boundaries, Digital Laws & Exploitation Awareness (HL7 Outcome 5)"":""Over-Covered"",""Substance Literacy, Harms, Refusal & Brain Growth (HL7 Outcome 6)"":""Over-Covered""},""matrix_comments"":{},""formats"":[""👥 Small-Group Problem Solving""],""knowledge_check"":{""q1"":""B"",""q2"":""A"",""q3"":""A"",""q4"":""B"",""q5"":""B"",""q6"":""A""},""overdone"":""reading to much"",""real_questions"":""sleep"",""where_personal"":""930"",""where_community"":""I feel good"",""where_global"":""playing hockey and going for walks"",""where_aspirational"":""going for walks"",""teacher_note"":""""}",HL8 Diagnostic (Grade 7 Audit) | Email: hmm482795@gnspes.ca | Pronouns: she/her | Notes: None | Note: None,9/11/2026 9:52:25,
MYG,Molly,804,,,Active / Logged In,{},Initial Login,9/8/2026 11:46:53,
RTA,Timi,804,aoo815159@gnspes.ca,he/him,Healthy Living 8: Grade 7 Learning Audit,"{""name"":""Timi"",""auditors"":""Timi Agbeyegbe"",""partner"":"""",""section"":""804"",""className"":""804"",""date"":""Sep 16, 2026"",""pin"":""RTA"",""answers"":{""radar_phys"":""4"",""radar_ment"":""4"",""radar_soc"":""3"",""radar_int"":""5"",""radar_spir"":""5"",""anchor_dim"":""[SPIR] Spiritual/Values"",""anchor_why"":""becuase i know who i am wherever i go to ."",""s01_dim"":""[PHYS] Physical"",""s01_d1"":""Doom scrolling instead of getting enough 7-9 hrs sleep"",""s01_d2"":""Instead of getting 9 hrs of sleep he get 6 hours losing 3 hours if he keeps doing that it is gonna take a big toll on his health "",""s01_d3"":""He thinks its everyone else fault for him not acting right e.g snapping at his teammate"",""s01_advice"":""Put your phone in another room because most people are way too lazy to go over to the kitchen and back just for a phone that is depleting their health"",""s02_dim"":"""",""s02_d1"":""nothing "",""s02_d2"":""nothing"",""s02_d3"":""nothing "",""s02_advice"":""nothing "",""s03_dim"":"""",""s03_d1"":"""",""s03_d2"":"""",""s03_d3"":"""",""s03_advice"":"""",""s04_dim"":"""",""s04_d1"":"""",""s04_d2"":"""",""s04_d3"":"""",""s04_advice"":"""",""s05_dim"":"""",""s05_d1"":"""",""s05_d2"":"""",""s05_d3"":"""",""s05_advice"":"""",""s06_dim"":"""",""s06_d1"":"""",""s06_d2"":"""",""s06_d3"":"""",""s06_advice"":"""",""s07_dim"":"""",""s07_d1"":"""",""s07_d2"":"""",""s07_d3"":"""",""s07_advice"":"""",""s08_dim"":"""",""s08_d1"":"""",""s08_d2"":"""",""s08_d3"":"""",""s08_advice"":"""",""s09_dim"":"""",""s09_d1"":"""",""s09_d2"":"""",""s09_d3"":"""",""s09_advice"":"""",""s10_dim"":"""",""s10_d1"":"""",""s10_d2"":"""",""s10_d3"":"""",""s10_advice"":"""",""lab_patient"":"""",""lab_crx"":"""",""lab_repair"":""""},""_tasks"":{""HL8 5-Dimension Systems Audit"":{""updated"":""2026-09-16T12:56:25.936Z"",""summary"":""HL8 5-Dimension Systems Audit | Lead: Timi Agbeyegbe | Class: 804 | Completed: 16/60"",""data"":{""name"":""Timi"",""auditors"":""Timi Agbeyegbe"",""partner"":"""",""section"":""804"",""className"":""804"",""date"":""Sep 16, 2026"",""pin"":""RTA"",""answers"":{""radar_phys"":""4"",""radar_ment"":""4"",""radar_soc"":""3"",""radar_int"":""5"",""radar_spir"":""5"",""anchor_dim"":""[SPIR] Spiritual/Values"",""anchor_why"":""becuase i know who i am wherever i go to ."",""s01_dim"":""[PHYS] Physical"",""s01_d1"":""Doom scrolling instead of getting enough 7-9 hrs sleep"",""s01_d2"":""Instead of getting 9 hrs of sleep he get 6 hours losing 3 hours if he keeps doing that it is gonna take a big toll on his health "",""s01_d3"":""He thinks its everyone else fault for him not acting right e.g snapping at his teammate"",""s01_advice"":""Put your phone in another room because most people are way too lazy to go over to the kitchen and back just for a phone that is depleting their health"",""s02_dim"":"""",""s02_d1"":""nothing "",""s02_d2"":""nothing"",""s02_d3"":""nothing "",""s02_advice"":""nothing "",""s03_dim"":"""",""s03_d1"":"""",""s03_d2"":"""",""s03_d3"":"""",""s03_advice"":"""",""s04_dim"":"""",""s04_d1"":"""",""s04_d2"":"""",""s04_d3"":"""",""s04_advice"":"""",""s05_dim"":"""",""s05_d1"":"""",""s05_d2"":"""",""s05_d3"":"""",""s05_advice"":"""",""s06_dim"":"""",""s06_d1"":"""",""s06_d2"":"""",""s06_d3"":"""",""s06_advice"":"""",""s07_dim"":"""",""s07_d1"":"""",""s07_d2"":"""",""s07_d3"":"""",""s07_advice"":"""",""s08_dim"":"""",""s08_d1"":"""",""s08_d2"":"""",""s08_d3"":"""",""s08_advice"":"""",""s09_dim"":"""",""s09_d1"":"""",""s09_d2"":"""",""s09_d3"":"""",""s09_advice"":"""",""s10_dim"":"""",""s10_d1"":"""",""s10_d2"":"""",""s10_d3"":"""",""s10_advice"":"""",""lab_patient"":"""",""lab_crx"":"""",""lab_repair"":""""}}},""Healthy Living 8: Grade 7 Learning Audit"":{""updated"":""2026-09-16T13:03:48.004Z"",""summary"":""HL8 Diagnostic (Grade 7 Audit) | Email: aoo815159@gnspes.ca | Pronouns: he/him | Notes: None | Note: Yes"",""data"":{""name"":""Timi"",""pin"":""RTA"",""className"":""804"",""email"":""aoo815159@gnspes.ca"",""pronouns"":""he/him"",""phonetic"":""TImi"",""transit"":""jeremiah and hassan and khovin"",""peers"":""jeremiah and hassan and khovin"",""curious"":""Going outside"",""matrix"":{""Decision-Making, Peer Norms & Emotional Coping (HL7 Outcome 1)"":""Never"",""Tech Habits, Sleep Quality, Nutrition & Disease Prevention (HL7 Outcome 2)"":""Never"",""Mental Health Literacy, Brain Mechanics & Resiliency (HL7 Outcome 3)"":""Over-Covered"",""Puberty, Body Image Pressures & Sexual/Reproductive Health (HL7 Outcome 4)"":""Over-Covered"",""Relationships, Boundaries, Digital Laws & Exploitation Awareness (HL7 Outcome 5)"":""Deep"",""Substance Literacy, Harms, Refusal & Brain Growth (HL7 Outcome 6)"":""Deep""},""matrix_comments"":{},""formats"":[],""knowledge_check"":{""q1"":""B"",""q2"":""A"",""q3"":""A"",""q4"":""B"",""q5"":""B"",""q6"":""A""},""overdone"":"""",""real_questions"":"""",""where_personal"":""9:30 youtube30 mins"",""where_community"":""good"",""where_global"":""swimming"",""where_aspirational"":""music"",""teacher_note"":""ur a good teacher""}}},""email"":""aoo815159@gnspes.ca"",""pronouns"":""he/him"",""phonetic"":""TImi"",""transit"":""jeremiah and hassan and khovin"",""peers"":""jeremiah and hassan and khovin"",""curious"":""Going outside"",""matrix"":{""Decision-Making, Peer Norms & Emotional Coping (HL7 Outcome 1)"":""Never"",""Tech Habits, Sleep Quality, Nutrition & Disease Prevention (HL7 Outcome 2)"":""Never"",""Mental Health Literacy, Brain Mechanics & Resiliency (HL7 Outcome 3)"":""Over-Covered"",""Puberty, Body Image Pressures & Sexual/Reproductive Health (HL7 Outcome 4)"":""Over-Covered"",""Relationships, Boundaries, Digital Laws & Exploitation Awareness (HL7 Outcome 5)"":""Deep"",""Substance Literacy, Harms, Refusal & Brain Growth (HL7 Outcome 6)"":""Deep""},""matrix_comments"":{},""formats"":[],""knowledge_check"":{""q1"":""B"",""q2"":""A"",""q3"":""A"",""q4"":""B"",""q5"":""B"",""q6"":""A""},""overdone"":"""",""real_questions"":"""",""where_personal"":""9:30 youtube30 mins"",""where_community"":""good"",""where_global"":""swimming"",""where_aspirational"":""music"",""teacher_note"":""ur a good teacher""}",HL8 Diagnostic (Grade 7 Audit) | Email: aoo815159@gnspes.ca | Pronouns: he/him | Notes: None | Note: Yes,9/16/2026 10:03:48,
EZE,Elizabeth,804,,,Active / Logged In,{},Initial Login,9/8/2026 11:46:54,
RSM,Rosie,804,mra464728@gnspes.ca,she,Healthy Living 8: Grade 7 Learning Audit,"{""name"":""Rosie"",""pin"":""RSM"",""className"":""804"",""email"":""mra464728@gnspes.ca"",""pronouns"":""she"",""matrix"":{""Decision-Making, Peer Norms & Emotional Coping (HL7 Outcome 1)"":""Not Specified"",""Tech Habits, Sleep Quality, Nutrition & Disease Prevention (HL7 Outcome 2)"":""Not Specified"",""Mental Health Literacy, Brain Mechanics & Resiliency (HL7 Outcome 3)"":""Not Specified"",""Puberty, Body Image Pressures & Sexual/Reproductive Health (HL7 Outcome 4)"":""Not Specified"",""Relationships, Boundaries, Digital Laws & Exploitation Awareness (HL7 Outcome 5)"":""Not Specified"",""Substance Literacy, Harms, Refusal & Brain Growth (HL7 Outcome 6)"":""Not Specified""},""formats"":[],""curious"":""nothing"",""_tasks"":{""Healthy Living 8: Grade 7 Learning Audit"":{""updated"":""2026-09-16T14:25:26.949Z"",""summary"":""HL8 Diagnostic (Grade 7 Audit) | Email: mra464728@gnspes.ca | Pronouns: she | Notes: None | Note: None"",""status"":""submitted""}}}",HL8 Diagnostic (Grade 7 Audit) | Email: mra464728@gnspes.ca | Pronouns: she | Notes: None | Note: None,9/16/2026 11:25:27,✅ Sep 16
CHM,Charlotte,804,,,HL8 5-Dimension Systems Audit,"{""name"":""Charlotte"",""auditors"":""Charlotte McFarlane"",""partner"":""Arielle "",""section"":""804"",""className"":""804"",""date"":""Sep 16, 2026"",""pin"":""CHM"",""answers"":{""radar_phys"":""3"",""radar_ment"":""3"",""radar_soc"":""4"",""radar_int"":""3"",""radar_spir"":""4"",""anchor_dim"":""[PHYS] Physical"",""anchor_why"":""because I play a lot of sports and I am very active."",""s01_dim"":""[PHYS] Physical"",""s01_d1"":""gose to bed an hour later each night "",""s01_d2"":""he's mad at lets it out on other pepole "",""s01_d3"":""he's mad at practice and is taking it out on his team mates "",""s01_advice"":""put a screen time on and "",""s02_dim"":""[PHYS] Physical"",""s02_d1"":"""",""s02_d2"":"""",""s02_d3"":"""",""s02_advice"":"""",""s03_dim"":"""",""s03_d1"":"""",""s03_d2"":"""",""s03_d3"":"""",""s03_advice"":"""",""s04_dim"":"""",""s04_d1"":"""",""s04_d2"":"""",""s04_d3"":"""",""s04_advice"":"""",""s05_dim"":"""",""s05_d1"":"""",""s05_d2"":"""",""s05_d3"":"""",""s05_advice"":"""",""s06_dim"":"""",""s06_d1"":"""",""s06_d2"":"""",""s06_d3"":"""",""s06_advice"":"""",""s07_dim"":"""",""s07_d1"":"""",""s07_d2"":"""",""s07_d3"":"""",""s07_advice"":"""",""s08_dim"":"""",""s08_d1"":"""",""s08_d2"":"""",""s08_d3"":"""",""s08_advice"":"""",""s09_dim"":"""",""s09_d1"":"""",""s09_d2"":"""",""s09_d3"":"""",""s09_advice"":"""",""s10_dim"":"""",""s10_d1"":"""",""s10_d2"":"""",""s10_d3"":"""",""s10_advice"":"""",""lab_patient"":"""",""lab_crx"":"""",""lab_repair"":""""},""_tasks"":{""HL8 5-Dimension Systems Audit"":{""updated"":""2026-09-16T13:01:45.692Z"",""summary"":""HL8 5-Dimension Systems Audit | Lead: Charlotte McFarlane | Class: 804 | Completed: 13/60"",""data"":{""name"":""Charlotte"",""auditors"":""Charlotte McFarlane"",""partner"":""Arielle "",""section"":""804"",""className"":""804"",""date"":""Sep 16, 2026"",""pin"":""CHM"",""answers"":{""radar_phys"":""3"",""radar_ment"":""3"",""radar_soc"":""4"",""radar_int"":""3"",""radar_spir"":""4"",""anchor_dim"":""[PHYS] Physical"",""anchor_why"":""because I play a lot of sports and I am very active."",""s01_dim"":""[PHYS] Physical"",""s01_d1"":""gose to bed an hour later each night "",""s01_d2"":""he's mad at lets it out on other pepole "",""s01_d3"":""he's mad at practice and is taking it out on his team mates "",""s01_advice"":""put a screen time on and "",""s02_dim"":""[PHYS] Physical"",""s02_d1"":"""",""s02_d2"":"""",""s02_d3"":"""",""s02_advice"":"""",""s03_dim"":"""",""s03_d1"":"""",""s03_d2"":"""",""s03_d3"":"""",""s03_advice"":"""",""s04_dim"":"""",""s04_d1"":"""",""s04_d2"":"""",""s04_d3"":"""",""s04_advice"":"""",""s05_dim"":"""",""s05_d1"":"""",""s05_d2"":"""",""s05_d3"":"""",""s05_advice"":"""",""s06_dim"":"""",""s06_d1"":"""",""s06_d2"":"""",""s06_d3"":"""",""s06_advice"":"""",""s07_dim"":"""",""s07_d1"":"""",""s07_d2"":"""",""s07_d3"":"""",""s07_advice"":"""",""s08_dim"":"""",""s08_d1"":"""",""s08_d2"":"""",""s08_d3"":"""",""s08_advice"":"""",""s09_dim"":"""",""s09_d1"":"""",""s09_d2"":"""",""s09_d3"":"""",""s09_advice"":"""",""s10_dim"":"""",""s10_d1"":"""",""s10_d2"":"""",""s10_d3"":"""",""s10_advice"":"""",""lab_patient"":"""",""lab_crx"":"""",""lab_repair"":""""}}}}}",HL8 5-Dimension Systems Audit | Lead: Charlotte McFarlane | Class: 804 | Completed: 13/60,9/16/2026 10:01:46,
ARP,Artem,804,pa362624@gnspes.ca,He/Him,HL8 5-Dimension Systems Audit,"{""name"":""Artem"",""pin"":""ARP"",""className"":""802"",""email"":""pa362624@gnspes.ca"",""pronouns"":""He/Him"",""phonetic"":"""",""transit"":""Ronn,Theo,Cameron"",""peers"":""Ronn,Theo,Cameron"",""curious"":""I dont know"",""matrix"":{""Decision-Making, Peer Norms & Emotional Coping (HL7 Outcome 1)"":""Brief"",""Tech Habits, Sleep Quality, Nutrition & Disease Prevention (HL7 Outcome 2)"":""Deep"",""Mental Health Literacy, Brain Mechanics & Resiliency (HL7 Outcome 3)"":""Over-Covered"",""Puberty, Body Image Pressures & Sexual/Reproductive Health (HL7 Outcome 4)"":""Over-Covered"",""Relationships, Boundaries, Digital Laws & Exploitation Awareness (HL7 Outcome 5)"":""Over-Covered"",""Substance Literacy, Harms, Refusal & Brain Growth (HL7 Outcome 6)"":""Deep""},""matrix_comments"":{},""formats"":[""📊 Personal Data Logs & Tracking""],""knowledge_check"":{""q1"":""B"",""q2"":""A"",""q3"":""A"",""q4"":""B"",""q5"":""B"",""q6"":""A""},""overdone"":""Puberty unit"",""real_questions"":""How to be cool"",""where_personal"":""Around 12pm-1am, usually get like 8-5 hours of sleep"",""where_community"":""Don't feel fully awake until lunch"",""where_global"":""Any sport"",""where_aspirational"":""Im sleeping"",""teacher_note"":"""",""auditors"":""Artem Palamarchuk"",""partner"":""Emmet "",""section"":""802"",""date"":""Sep 16, 2026"",""answers"":{""radar_phys"":""4"",""radar_ment"":""4"",""radar_soc"":""3"",""radar_int"":""4"",""radar_spir"":""4"",""anchor_dim"":""[PHYS] Physical"",""anchor_why"":""I don't know, I just feel like it's my strongest one"",""s01_dim"":""[SOC] Social"",""s01_d1"":""scrolling/on snapchat at 12:15"",""s01_d2"":""2 hours of nightly sleep debt"",""s01_d3"":""low energy on basketball game"",""s01_advice"":""break your phone"",""s02_dim"":"""",""s02_d1"":"""",""s02_d2"":"""",""s02_d3"":"""",""s02_advice"":"""",""s03_dim"":"""",""s03_d1"":"""",""s03_d2"":"""",""s03_d3"":"""",""s03_advice"":"""",""s04_dim"":""[SPIR] Spiritual/Values"",""s04_d1"":""Drinks iced tea in the afternoon"",""s04_d2"":""exhausted all the time"",""s04_d3"":""falls asleep at school"",""s04_advice"":""Drink less iced tea and stay on phone less"",""s05_dim"":""[PHYS] Physical"",""s05_d1"":""home late with work to do"",""s05_d2"":""also gets a low amount of sleep on weekend"",""s05_d3"":""lacking at his sport "",""s05_advice"":""Sleep more if possible"",""s06_dim"":"""",""s06_d1"":"""",""s06_d2"":"""",""s06_d3"":"""",""s06_advice"":"""",""s07_dim"":"""",""s07_d1"":"""",""s07_d2"":"""",""s07_d3"":"""",""s07_advice"":"""",""s08_dim"":"""",""s08_d1"":"""",""s08_d2"":"""",""s08_d3"":"""",""s08_advice"":"""",""s09_dim"":"""",""s09_d1"":"""",""s09_d2"":"""",""s09_d3"":"""",""s09_advice"":"""",""s10_dim"":"""",""s10_d1"":"""",""s10_d2"":"""",""s10_d3"":"""",""s10_advice"":"""",""lab_patient"":"""",""lab_crx"":"""",""lab_repair"":""""},""_tasks"":{""HL8 5-Dimension Systems Audit"":{""updated"":""2026-09-16T14:04:01.783Z"",""summary"":""HL8 5-Dimension Systems Audit | Lead: Artem Palamarchuk | Class: 802 | Completed: 22/60"",""data"":{""name"":""Artem"",""auditors"":""Artem Palamarchuk"",""partner"":""Emmet "",""section"":""802"",""className"":""802"",""date"":""Sep 16, 2026"",""pin"":""ARP"",""answers"":{""radar_phys"":""4"",""radar_ment"":""4"",""radar_soc"":""3"",""radar_int"":""4"",""radar_spir"":""4"",""anchor_dim"":""[PHYS] Physical"",""anchor_why"":""I don't know, I just feel like it's my strongest one"",""s01_dim"":""[SOC] Social"",""s01_d1"":""scrolling/on snapchat at 12:15"",""s01_d2"":""2 hours of nightly sleep debt"",""s01_d3"":""low energy on basketball game"",""s01_advice"":""break your phone"",""s02_dim"":"""",""s02_d1"":"""",""s02_d2"":"""",""s02_d3"":"""",""s02_advice"":"""",""s03_dim"":"""",""s03_d1"":"""",""s03_d2"":"""",""s03_d3"":"""",""s03_advice"":"""",""s04_dim"":""[SPIR] Spiritual/Values"",""s04_d1"":""Drinks iced tea in the afternoon"",""s04_d2"":""exhausted all the time"",""s04_d3"":""falls asleep at school"",""s04_advice"":""Drink less iced tea and stay on phone less"",""s05_dim"":""[PHYS] Physical"",""s05_d1"":""home late with work to do"",""s05_d2"":""also gets a low amount of sleep on weekend"",""s05_d3"":""lacking at his sport "",""s05_advice"":""Sleep more if possible"",""s06_dim"":"""",""s06_d1"":"""",""s06_d2"":"""",""s06_d3"":"""",""s06_advice"":"""",""s07_dim"":"""",""s07_d1"":"""",""s07_d2"":"""",""s07_d3"":"""",""s07_advice"":"""",""s08_dim"":"""",""s08_d1"":"""",""s08_d2"":"""",""s08_d3"":"""",""s08_advice"":"""",""s09_dim"":"""",""s09_d1"":"""",""s09_d2"":"""",""s09_d3"":"""",""s09_advice"":"""",""s10_dim"":"""",""s10_d1"":"""",""s10_d2"":"""",""s10_d3"":"""",""s10_advice"":"""",""lab_patient"":"""",""lab_crx"":"""",""lab_repair"":""""}}}}}",HL8 5-Dimension Systems Audit | Lead: Artem Palamarchuk | Class: 802 | Completed: 22/60,9/16/2026 11:04:02,
CAM,Cameron,804,,,Active / Logged In,{},Initial Login,9/8/2026 11:46:55,
CET,Ezra,804,ood659426@gnspes.ca,"Any (not they/them, I'm genderfluid, so it changes every week or more!! but i use any since it's easier)",HL8 5-Dimension Systems Audit,"{""name"":""Ezra"",""pin"":""CET"",""className"":""804"",""email"":""ood659426@gnspes.ca"",""pronouns"":""Any (not they/them, I'm genderfluid, so it changes every week or more!! but i use any since it's easier)"",""phonetic"":""EZ-ruh  (I think??)"",""transit"":""Molly and Max"",""peers"":""Molly and Max"",""curious"":""no idea"",""matrix"":{""Decision-Making, Peer Norms & Emotional Coping (HL7 Outcome 1)"":""Brief"",""Tech Habits, Sleep Quality, Nutrition & Disease Prevention (HL7 Outcome 2)"":""Brief"",""Mental Health Literacy, Brain Mechanics & Resiliency (HL7 Outcome 3)"":""Deep"",""Puberty, Body Image Pressures & Sexual/Reproductive Health (HL7 Outcome 4)"":""Brief"",""Relationships, Boundaries, Digital Laws & Exploitation Awareness (HL7 Outcome 5)"":""Brief"",""Substance Literacy, Harms, Refusal & Brain Growth (HL7 Outcome 6)"":""Brief""},""matrix_comments"":{},""formats"":[""🎯 Interactive Case Studies & Scenarios"",""👥 Small-Group Problem Solving"",""🧪 Hands-On Movement & Workshops"",""🎬 Video Breakdowns & Visual Media""],""knowledge_check"":{""q1"":""B"",""q2"":""A"",""q3"":""A"",""q4"":""B"",""q5"":""B"",""q6"":""A""},""overdone"":""I don't know"",""real_questions"":""No idea!"",""where_personal"":""I start  getting ready for bed around 10:00(and get off devices) and then at 10:30 i go to bed."",""where_community"":""it depends on  if i was able to sleep the night before. I might feel a little tired but I feel good, maybe."",""where_global"":""I dance alone, without anyone or any rules, that helps me or going on a walk at night."",""where_aspirational"":""Watching anime, reading or listening to music"",""teacher_note"":""I don't want  to sit near caspian, he talks a lot and distracts me from doing my work (also please use Oceanne for my parents/family!)"",""auditors"":""Ezra Otis Vaillancourt"",""partner"":"""",""section"":""804"",""date"":""Sep 16, 2026"",""answers"":{""radar_phys"":"""",""radar_ment"":"""",""radar_soc"":"""",""radar_int"":"""",""radar_spir"":"""",""anchor_dim"":"""",""anchor_why"":"""",""s01_dim"":""[PHYS] Physical"",""s01_d1"":"""",""s01_d2"":"""",""s01_d3"":"""",""s01_advice"":"""",""s02_dim"":"""",""s02_d1"":"""",""s02_d2"":"""",""s02_d3"":"""",""s02_advice"":"""",""s03_dim"":"""",""s03_d1"":"""",""s03_d2"":"""",""s03_d3"":"""",""s03_advice"":"""",""s04_dim"":"""",""s04_d1"":"""",""s04_d2"":"""",""s04_d3"":"""",""s04_advice"":"""",""s05_dim"":"""",""s05_d1"":"""",""s05_d2"":"""",""s05_d3"":"""",""s05_advice"":"""",""s06_dim"":"""",""s06_d1"":"""",""s06_d2"":"""",""s06_d3"":"""",""s06_advice"":"""",""s07_dim"":"""",""s07_d1"":"""",""s07_d2"":"""",""s07_d3"":"""",""s07_advice"":"""",""s08_dim"":"""",""s08_d1"":"""",""s08_d2"":"""",""s08_d3"":"""",""s08_advice"":"""",""s09_dim"":"""",""s09_d1"":"""",""s09_d2"":"""",""s09_d3"":"""",""s09_advice"":"""",""s10_dim"":"""",""s10_d1"":"""",""s10_d2"":"""",""s10_d3"":"""",""s10_advice"":"""",""lab_patient"":"""",""lab_crx"":"""",""lab_repair"":""""},""_tasks"":{""HL8 5-Dimension Systems Audit"":{""updated"":""2026-09-16T12:44:41.623Z"",""summary"":""HL8 5-Dimension Systems Audit | Lead: Ezra Otis Vaillancourt | Class: 804 | Completed: 1/60"",""data"":{""name"":""Ezra"",""auditors"":""Ezra Otis Vaillancourt"",""partner"":"""",""section"":""804"",""className"":""804"",""date"":""Sep 16, 2026"",""pin"":""CET"",""answers"":{""radar_phys"":"""",""radar_ment"":"""",""radar_soc"":"""",""radar_int"":"""",""radar_spir"":"""",""anchor_dim"":"""",""anchor_why"":"""",""s01_dim"":""[PHYS] Physical"",""s01_d1"":"""",""s01_d2"":"""",""s01_d3"":"""",""s01_advice"":"""",""s02_dim"":"""",""s02_d1"":"""",""s02_d2"":"""",""s02_d3"":"""",""s02_advice"":"""",""s03_dim"":"""",""s03_d1"":"""",""s03_d2"":"""",""s03_d3"":"""",""s03_advice"":"""",""s04_dim"":"""",""s04_d1"":"""",""s04_d2"":"""",""s04_d3"":"""",""s04_advice"":"""",""s05_dim"":"""",""s05_d1"":"""",""s05_d2"":"""",""s05_d3"":"""",""s05_advice"":"""",""s06_dim"":"""",""s06_d1"":"""",""s06_d2"":"""",""s06_d3"":"""",""s06_advice"":"""",""s07_dim"":"""",""s07_d1"":"""",""s07_d2"":"""",""s07_d3"":"""",""s07_advice"":"""",""s08_dim"":"""",""s08_d1"":"""",""s08_d2"":"""",""s08_d3"":"""",""s08_advice"":"""",""s09_dim"":"""",""s09_d1"":"""",""s09_d2"":"""",""s09_d3"":"""",""s09_advice"":"""",""s10_dim"":"""",""s10_d1"":"""",""s10_d2"":"""",""s10_d3"":"""",""s10_advice"":"""",""lab_patient"":"""",""lab_crx"":"""",""lab_repair"":""""}}}}}",HL8 5-Dimension Systems Audit | Lead: Ezra Otis Vaillancourt | Class: 804 | Completed: 1/60,9/16/2026 9:44:42,
RNM,Ronn,804,mrt484550@gnspes.ca,,Healthy Living 8: Grade 7 Learning Audit,"{""name"":""Ronn"",""pin"":""RNM"",""className"":""804"",""email"":""mrt484550@gnspes.ca"",""pronouns"":"""",""phonetic"":"""",""transit"":""Theo and Jeremiah and hasan"",""peers"":""Theo and Jeremiah and hasan"",""curious"":""None"",""matrix"":{""Decision-Making, Peer Norms & Emotional Coping (HL7 Outcome 1)"":""Deep"",""Tech Habits, Sleep Quality, Nutrition & Disease Prevention (HL7 Outcome 2)"":""Deep"",""Mental Health Literacy, Brain Mechanics & Resiliency (HL7 Outcome 3)"":""Brief"",""Puberty, Body Image Pressures & Sexual/Reproductive Health (HL7 Outcome 4)"":""Deep"",""Relationships, Boundaries, Digital Laws & Exploitation Awareness (HL7 Outcome 5)"":""Over-Covered"",""Substance Literacy, Harms, Refusal & Brain Growth (HL7 Outcome 6)"":""Brief""},""matrix_comments"":{},""formats"":[""🎯 Interactive Case Studies & Scenarios"",""👥 Small-Group Problem Solving"",""📥 Anonymous Question Box & Real Talk""],""knowledge_check"":{""q1"":""B"",""q2"":""A"",""q3"":""A"",""q4"":""B"",""q5"":""B"",""q6"":""A""},""overdone"":""None"",""real_questions"":""Nothing"",""where_personal"":""10 - 11"",""where_community"":""Still sleepy in the first half hour."",""where_global"":""Soccer"",""where_aspirational"":""Call and Play"",""teacher_note"":"""",""_tasks"":{""Healthy Living 8: Grade 7 Learning Audit"":{""updated"":""2026-09-16T12:48:02.298Z"",""summary"":""HL8 Diagnostic (Grade 7 Audit) | Email: mrt484550@gnspes.ca | Pronouns: None | Notes: None | Note: None"",""data"":{""name"":""Ronn"",""pin"":""RNM"",""className"":""804"",""email"":""mrt484550@gnspes.ca"",""pronouns"":"""",""phonetic"":"""",""transit"":""Theo and Jeremiah and hasan"",""peers"":""Theo and Jeremiah and hasan"",""curious"":""None"",""matrix"":{""Decision-Making, Peer Norms & Emotional Coping (HL7 Outcome 1)"":""Deep"",""Tech Habits, Sleep Quality, Nutrition & Disease Prevention (HL7 Outcome 2)"":""Deep"",""Mental Health Literacy, Brain Mechanics & Resiliency (HL7 Outcome 3)"":""Brief"",""Puberty, Body Image Pressures & Sexual/Reproductive Health (HL7 Outcome 4)"":""Deep"",""Relationships, Boundaries, Digital Laws & Exploitation Awareness (HL7 Outcome 5)"":""Over-Covered"",""Substance Literacy, Harms, Refusal & Brain Growth (HL7 Outcome 6)"":""Brief""},""matrix_comments"":{},""formats"":[""🎯 Interactive Case Studies & Scenarios"",""👥 Small-Group Problem Solving"",""📥 Anonymous Question Box & Real Talk""],""knowledge_check"":{""q1"":""B"",""q2"":""A"",""q3"":""A"",""q4"":""B"",""q5"":""B"",""q6"":""A""},""overdone"":""None"",""real_questions"":""Nothing"",""where_personal"":""10 - 11"",""where_community"":""Still sleepy in the first half hour."",""where_global"":""Soccer"",""where_aspirational"":""Call and Play"",""teacher_note"":""""}}}}",HL8 Diagnostic (Grade 7 Audit) | Email: mrt484550@gnspes.ca | Pronouns: None | Notes: None | Note: None,9/16/2026 9:48:02,
MAP,Max,804,pm346628@gnspes.ca,,HL8 5-Dimension Systems Audit,"{""name"":""Max"",""pin"":""MAP"",""className"":""804"",""email"":""pm346628@gnspes.ca"",""pronouns"":"""",""phonetic"":"""",""transit"":""Charles Towns"",""peers"":""Charles Towns"",""curious"":"""",""matrix"":{""Decision-Making, Peer Norms & Emotional Coping (HL7 Outcome 1)"":""Over-Covered"",""Tech Habits, Sleep Quality, Nutrition & Disease Prevention (HL7 Outcome 2)"":""Deep"",""Mental Health Literacy, Brain Mechanics & Resiliency (HL7 Outcome 3)"":""Deep"",""Puberty, Body Image Pressures & Sexual/Reproductive Health (HL7 Outcome 4)"":""Deep"",""Relationships, Boundaries, Digital Laws & Exploitation Awareness (HL7 Outcome 5)"":""Brief"",""Substance Literacy, Harms, Refusal & Brain Growth (HL7 Outcome 6)"":""Deep""},""matrix_comments"":{},""formats"":[""📊 Personal Data Logs & Tracking""],""knowledge_check"":{""q1"":""B"",""q2"":""A"",""q3"":""A"",""q4"":""B"",""q5"":""B"",""q6"":""A""},""overdone"":"""",""real_questions"":"""",""where_personal"":""I start reading at 7:45, and go to bed at 8:30."",""where_community"":""I feel fully functional and awake."",""where_global"":""I walk to school most days, but sometimes bike when it's nice. I regularly swim, but I am not part of a team."",""where_aspirational"":""Reading, Sleeping, and playing video games."",""teacher_note"":"""",""auditors"":""Max Phillips"",""partner"":""Charles Towns"",""section"":""804"",""date"":""Sep 16, 2026"",""answers"":{""radar_phys"":"""",""radar_ment"":"""",""radar_soc"":"""",""radar_int"":"""",""radar_spir"":"""",""anchor_dim"":"""",""anchor_why"":"""",""s01_dim"":""[PHYS] Physical"",""s01_d1"":""Devin starts scrolling before bed. "",""s01_d2"":""Devin builds up lost sleep from this habit."",""s01_d3"":""Devin snaps at his teamates."",""s01_advice"":""Charge phone in kitchen."",""s02_dim"":"""",""s02_d1"":""Charges phone in kitchen, reads before bed."",""s02_d2"":""Wakes up early. gets 9 hours of sleep."",""s02_d3"":""Functions well. Attends all rehearsals."",""s02_advice"":""Keep it up!"",""s03_dim"":""[SOC] Social"",""s03_d1"":""Stays up on snap chat with friends into the night."",""s03_d2"":""Crash naps occur."",""s03_d3"":""Irritable in mornings."",""s03_advice"":""Delete snap chat, reduce hang outs."",""s04_dim"":""[PHYS] Physical"",""s04_d1"":""Scrolling. Everywhere."",""s04_d2"":""Scrolls in bed to \""wind-down\"""",""s04_d3"":""Very tired, falls asleep during class."",""s04_advice"":""Take away the phone, shes addicted."",""s05_dim"":"""",""s05_d1"":"""",""s05_d2"":"""",""s05_d3"":"""",""s05_advice"":"""",""s06_dim"":"""",""s06_d1"":"""",""s06_d2"":"""",""s06_d3"":"""",""s06_advice"":"""",""s07_dim"":"""",""s07_d1"":"""",""s07_d2"":"""",""s07_d3"":"""",""s07_advice"":"""",""s08_dim"":"""",""s08_d1"":"""",""s08_d2"":"""",""s08_d3"":"""",""s08_advice"":"""",""s09_dim"":"""",""s09_d1"":"""",""s09_d2"":"""",""s09_d3"":"""",""s09_advice"":"""",""s10_dim"":""[INT] Intellectual"",""s10_d1"":""Working hours at the family restaurant."",""s10_d2"":""Gets less sleep and loses "",""s10_d3"":"""",""s10_advice"":"""",""lab_patient"":"""",""lab_crx"":"""",""lab_repair"":""""},""_tasks"":{""HL8 5-Dimension Systems Audit"":{""updated"":""2026-09-16T13:03:14.880Z"",""summary"":""HL8 5-Dimension Systems Audit | Lead: Max Phillips | Class: 804 | Completed: 22/60"",""data"":{""name"":""Max"",""auditors"":""Max Phillips"",""partner"":""Charles Towns"",""section"":""804"",""className"":""804"",""date"":""Sep 16, 2026"",""pin"":""MAP"",""answers"":{""radar_phys"":"""",""radar_ment"":"""",""radar_soc"":"""",""radar_int"":"""",""radar_spir"":"""",""anchor_dim"":"""",""anchor_why"":"""",""s01_dim"":""[PHYS] Physical"",""s01_d1"":""Devin starts scrolling before bed. "",""s01_d2"":""Devin builds up lost sleep from this habit."",""s01_d3"":""Devin snaps at his teamates."",""s01_advice"":""Charge phone in kitchen."",""s02_dim"":"""",""s02_d1"":""Charges phone in kitchen, reads before bed."",""s02_d2"":""Wakes up early. gets 9 hours of sleep."",""s02_d3"":""Functions well. Attends all rehearsals."",""s02_advice"":""Keep it up!"",""s03_dim"":""[SOC] Social"",""s03_d1"":""Stays up on snap chat with friends into the night."",""s03_d2"":""Crash naps occur."",""s03_d3"":""Irritable in mornings."",""s03_advice"":""Delete snap chat, reduce hang outs."",""s04_dim"":""[PHYS] Physical"",""s04_d1"":""Scrolling. Everywhere."",""s04_d2"":""Scrolls in bed to \""wind-down\"""",""s04_d3"":""Very tired, falls asleep during class."",""s04_advice"":""Take away the phone, shes addicted."",""s05_dim"":"""",""s05_d1"":"""",""s05_d2"":"""",""s05_d3"":"""",""s05_advice"":"""",""s06_dim"":"""",""s06_d1"":"""",""s06_d2"":"""",""s06_d3"":"""",""s06_advice"":"""",""s07_dim"":"""",""s07_d1"":"""",""s07_d2"":"""",""s07_d3"":"""",""s07_advice"":"""",""s08_dim"":"""",""s08_d1"":"""",""s08_d2"":"""",""s08_d3"":"""",""s08_advice"":"""",""s09_dim"":"""",""s09_d1"":"""",""s09_d2"":"""",""s09_d3"":"""",""s09_advice"":"""",""s10_dim"":""[INT] Intellectual"",""s10_d1"":""Working hours at the family restaurant."",""s10_d2"":""Gets less sleep and loses "",""s10_d3"":"""",""s10_advice"":"""",""lab_patient"":"""",""lab_crx"":"""",""lab_repair"":""""}}}}}",HL8 5-Dimension Systems Audit | Lead: Max Phillips | Class: 804 | Completed: 22/60,9/16/2026 10:03:15,
SPR,Sophie,804,,,Active / Logged In,{},Initial Login,9/8/2026 11:46:55,
ERS,Jeremiah,804,sjc573452@gnspes.ca,He/Him,HL8 5-Dimension Systems Audit,"{""name"":""Jeremiah"",""pin"":""ERS"",""className"":""804"",""email"":""sjc573452@gnspes.ca"",""pronouns"":""He/Him"",""phonetic"":""jeh-ruh-mai-uh"",""transit"":""khovin, timi, Hasan, artem"",""peers"":""khovin, timi, Hasan, artem"",""curious"":""one thing I wanna learn in grade 8 health is what cortisol is"",""matrix"":{""Decision-Making, Peer Norms & Emotional Coping (HL7 Outcome 1)"":""Brief"",""Tech Habits, Sleep Quality, Nutrition & Disease Prevention (HL7 Outcome 2)"":""Deep"",""Mental Health Literacy, Brain Mechanics & Resiliency (HL7 Outcome 3)"":""Brief"",""Puberty, Body Image Pressures & Sexual/Reproductive Health (HL7 Outcome 4)"":""Deep"",""Relationships, Boundaries, Digital Laws & Exploitation Awareness (HL7 Outcome 5)"":""Deep"",""Substance Literacy, Harms, Refusal & Brain Growth (HL7 Outcome 6)"":""Brief""},""matrix_comments"":{},""formats"":[],""knowledge_check"":{""q1"":""B"",""q2"":""A"",""q3"":""A"",""q4"":""B"",""q5"":""B"",""q6"":""A""},""overdone"":""reproduction"",""real_questions"":""what is cortisol"",""where_personal"":""11 or 12"",""where_community"":""I wake up fully when I arrive at school"",""where_global"":""Basketball"",""where_aspirational"":""being with friends and playing basketball"",""teacher_note"":""I am very foward into learning about grade 8 health"",""auditors"":""Jeremiah Mikhael Samillano"",""partner"":"""",""section"":""804"",""date"":""Sep 16, 2026"",""answers"":{""radar_phys"":""4"",""radar_ment"":""5"",""radar_soc"":""3"",""radar_int"":""3"",""radar_spir"":""3"",""anchor_dim"":""[PHYS] Physical"",""anchor_why"":""I'm a very atheltic person who likes to do physical activity"",""s01_dim"":""[PHYS] Physical"",""s01_d1"":""doomscrolling"",""s01_d2"":""sleep schedule will be changed "",""s01_d3"":""will be grumpy to the people he talks to"",""s01_advice"":""Put away your phone 1 hour before you sleep and put your phone in another room if it dosen't work"",""s02_dim"":""[MENT] Mental/Emotional"",""s02_d1"":"""",""s02_d2"":"""",""s02_d3"":"""",""s02_advice"":"""",""s03_dim"":""[MENT] Mental/Emotional"",""s03_d1"":""The snapchats calls until his battery is low"",""s03_d2"":""Hanging out with his friends until after midnight and then sleeps at 2:45am"",""s03_d3"":""Makes the teacher repeat his/her words "",""s03_advice"":""Should probably change his sleep schedule and "",""s04_dim"":"""",""s04_d1"":"""",""s04_d2"":"""",""s04_d3"":"""",""s04_advice"":"""",""s05_dim"":"""",""s05_d1"":"""",""s05_d2"":"""",""s05_d3"":"""",""s05_advice"":"""",""s06_dim"":"""",""s06_d1"":"""",""s06_d2"":"""",""s06_d3"":"""",""s06_advice"":"""",""s07_dim"":"""",""s07_d1"":"""",""s07_d2"":"""",""s07_d3"":"""",""s07_advice"":"""",""s08_dim"":"""",""s08_d1"":"""",""s08_d2"":"""",""s08_d3"":"""",""s08_advice"":"""",""s09_dim"":"""",""s09_d1"":"""",""s09_d2"":"""",""s09_d3"":"""",""s09_advice"":"""",""s10_dim"":""[MENT] Mental/Emotional"",""s10_d1"":"""",""s10_d2"":"""",""s10_d3"":"""",""s10_advice"":"""",""lab_patient"":"""",""lab_crx"":"""",""lab_repair"":""""},""_tasks"":{""HL8 5-Dimension Systems Audit"":{""updated"":""2026-09-16T13:03:51.741Z"",""summary"":""HL8 5-Dimension Systems Audit | Lead: Jeremiah Mikhael Samillano | Class: 804 | Completed: 19/60"",""data"":{""name"":""Jeremiah"",""auditors"":""Jeremiah Mikhael Samillano"",""partner"":"""",""section"":""804"",""className"":""804"",""date"":""Sep 16, 2026"",""pin"":""ERS"",""answers"":{""radar_phys"":""4"",""radar_ment"":""5"",""radar_soc"":""3"",""radar_int"":""3"",""radar_spir"":""3"",""anchor_dim"":""[PHYS] Physical"",""anchor_why"":""I'm a very atheltic person who likes to do physical activity"",""s01_dim"":""[PHYS] Physical"",""s01_d1"":""doomscrolling"",""s01_d2"":""sleep schedule will be changed "",""s01_d3"":""will be grumpy to the people he talks to"",""s01_advice"":""Put away your phone 1 hour before you sleep and put your phone in another room if it dosen't work"",""s02_dim"":""[MENT] Mental/Emotional"",""s02_d1"":"""",""s02_d2"":"""",""s02_d3"":"""",""s02_advice"":"""",""s03_dim"":""[MENT] Mental/Emotional"",""s03_d1"":""The snapchats calls until his battery is low"",""s03_d2"":""Hanging out with his friends until after midnight and then sleeps at 2:45am"",""s03_d3"":""Makes the teacher repeat his/her words "",""s03_advice"":""Should probably change his sleep schedule and "",""s04_dim"":"""",""s04_d1"":"""",""s04_d2"":"""",""s04_d3"":"""",""s04_advice"":"""",""s05_dim"":"""",""s05_d1"":"""",""s05_d2"":"""",""s05_d3"":"""",""s05_advice"":"""",""s06_dim"":"""",""s06_d1"":"""",""s06_d2"":"""",""s06_d3"":"""",""s06_advice"":"""",""s07_dim"":"""",""s07_d1"":"""",""s07_d2"":"""",""s07_d3"":"""",""s07_advice"":"""",""s08_dim"":"""",""s08_d1"":"""",""s08_d2"":"""",""s08_d3"":"""",""s08_advice"":"""",""s09_dim"":"""",""s09_d1"":"""",""s09_d2"":"""",""s09_d3"":"""",""s09_advice"":"""",""s10_dim"":""[MENT] Mental/Emotional"",""s10_d1"":"""",""s10_d2"":"""",""s10_d3"":"""",""s10_advice"":"""",""lab_patient"":"""",""lab_crx"":"""",""lab_repair"":""""}}}}}",HL8 5-Dimension Systems Audit | Lead: Jeremiah Mikhael Samillano | Class: 804 | Completed: 19/60,9/16/2026 10:03:52,
HAS,Hasan,804,sh048538@gnspes.ca,he him,HL8 5-Dimension Systems Audit,"{""name"":""Hasan"",""pin"":""HAS"",""className"":""804"",""email"":""sh048538@gnspes.ca"",""pronouns"":""he him"",""phonetic"":""ha san"",""transit"":""jeremiah khovin and timmy"",""peers"":""jeremiah khovin and timmy"",""curious"":""im curious is about reproduction health"",""matrix"":{""Decision-Making, Peer Norms & Emotional Coping (HL7 Outcome 1)"":""Brief"",""Tech Habits, Sleep Quality, Nutrition & Disease Prevention (HL7 Outcome 2)"":""Deep"",""Mental Health Literacy, Brain Mechanics & Resiliency (HL7 Outcome 3)"":""Brief"",""Puberty, Body Image Pressures & Sexual/Reproductive Health (HL7 Outcome 4)"":""Over-Covered"",""Relationships, Boundaries, Digital Laws & Exploitation Awareness (HL7 Outcome 5)"":""Over-Covered"",""Substance Literacy, Harms, Refusal & Brain Growth (HL7 Outcome 6)"":""Over-Covered""},""matrix_comments"":{},""formats"":[""👥 Small-Group Problem Solving"",""🎬 Video Breakdowns & Visual Media""],""knowledge_check"":{""q1"":""B"",""q2"":""A"",""q3"":""A"",""q4"":""B"",""q5"":""B"",""q6"":""A""},""overdone"":""reproduction health"",""real_questions"":""how did people discover to mate"",""where_personal"":""10;30"",""where_community"":""im very energetic"",""where_global"":""socc4er"",""where_aspirational"":""dnd"",""teacher_note"":""mr waugh is the best teacher"",""auditors"":""Hasan Shiha"",""partner"":"""",""section"":""804"",""date"":""Sep 16, 2026"",""answers"":{""radar_phys"":""4"",""radar_ment"":""5"",""radar_soc"":""3"",""radar_int"":""3"",""radar_spir"":""3"",""anchor_dim"":""[PHYS] Physical"",""anchor_why"":""Because I am also active in physical activity"",""s01_dim"":""[PHYS] Physical"",""s01_d1"":""Doomscrolling"",""s01_d2"":""getting used to low sleep."",""s01_d3"":""brain doesnt work well because it didnt rest enough"",""s01_advice"":""Before he sleeps he must place screentime, and 30 minutes earlier he should leave the phone to sleep peacefully."",""s02_dim"":""[MENT] Mental/Emotional"",""s02_d1"":"""",""s02_d2"":"""",""s02_d3"":"""",""s02_advice"":"""",""s03_dim"":"""",""s03_d1"":"""",""s03_d2"":"""",""s03_d3"":"""",""s03_advice"":"""",""s04_dim"":"""",""s04_d1"":"""",""s04_d2"":"""",""s04_d3"":"""",""s04_advice"":"""",""s05_dim"":"""",""s05_d1"":"""",""s05_d2"":"""",""s05_d3"":"""",""s05_advice"":"""",""s06_dim"":"""",""s06_d1"":"""",""s06_d2"":"""",""s06_d3"":"""",""s06_advice"":"""",""s07_dim"":"""",""s07_d1"":"""",""s07_d2"":"""",""s07_d3"":"""",""s07_advice"":"""",""s08_dim"":"""",""s08_d1"":"""",""s08_d2"":"""",""s08_d3"":"""",""s08_advice"":"""",""s09_dim"":"""",""s09_d1"":"""",""s09_d2"":"""",""s09_d3"":"""",""s09_advice"":"""",""s10_dim"":"""",""s10_d1"":"""",""s10_d2"":"""",""s10_d3"":"""",""s10_advice"":"""",""lab_patient"":"""",""lab_crx"":"""",""lab_repair"":""""},""_tasks"":{""HL8 5-Dimension Systems Audit"":{""updated"":""2026-09-16T12:54:50.528Z"",""summary"":""HL8 5-Dimension Systems Audit | Lead: Hasan Shiha | Class: 804 | Completed: 13/60"",""data"":{""name"":""Hasan"",""auditors"":""Hasan Shiha"",""partner"":"""",""section"":""804"",""className"":""804"",""date"":""Sep 16, 2026"",""pin"":""HAS"",""answers"":{""radar_phys"":""4"",""radar_ment"":""5"",""radar_soc"":""3"",""radar_int"":""3"",""radar_spir"":""3"",""anchor_dim"":""[PHYS] Physical"",""anchor_why"":""Because I am also active in physical activity"",""s01_dim"":""[PHYS] Physical"",""s01_d1"":""Doomscrolling"",""s01_d2"":""getting used to low sleep."",""s01_d3"":""brain doesnt work well because it didnt rest enough"",""s01_advice"":""Before he sleeps he must place screentime, and 30 minutes earlier he should leave the phone to sleep peacefully."",""s02_dim"":""[MENT] Mental/Emotional"",""s02_d1"":"""",""s02_d2"":"""",""s02_d3"":"""",""s02_advice"":"""",""s03_dim"":"""",""s03_d1"":"""",""s03_d2"":"""",""s03_d3"":"""",""s03_advice"":"""",""s04_dim"":"""",""s04_d1"":"""",""s04_d2"":"""",""s04_d3"":"""",""s04_advice"":"""",""s05_dim"":"""",""s05_d1"":"""",""s05_d2"":"""",""s05_d3"":"""",""s05_advice"":"""",""s06_dim"":"""",""s06_d1"":"""",""s06_d2"":"""",""s06_d3"":"""",""s06_advice"":"""",""s07_dim"":"""",""s07_d1"":"""",""s07_d2"":"""",""s07_d3"":"""",""s07_advice"":"""",""s08_dim"":"""",""s08_d1"":"""",""s08_d2"":"""",""s08_d3"":"""",""s08_advice"":"""",""s09_dim"":"""",""s09_d1"":"""",""s09_d2"":"""",""s09_d3"":"""",""s09_advice"":"""",""s10_dim"":"""",""s10_d1"":"""",""s10_d2"":"""",""s10_d3"":"""",""s10_advice"":"""",""lab_patient"":"""",""lab_crx"":"""",""lab_repair"":""""}}}}}",HL8 5-Dimension Systems Audit | Lead: Hasan Shiha | Class: 804 | Completed: 13/60,9/16/2026 9:54:51,
DES,Demetrius,804,sd524737@gnspes.ca,,HL8 5-Dimension Systems Audit,"{""name"":""Demetrius"",""pin"":""DES"",""className"":""804"",""email"":""sd524737@gnspes.ca"",""pronouns"":"""",""phonetic"":""D-me-tree-us"",""transit"":"""",""peers"":"""",""curious"":"""",""matrix"":{""Decision-Making, Peer Norms & Emotional Coping (HL7 Outcome 1)"":""Never"",""Tech Habits, Sleep Quality, Nutrition & Disease Prevention (HL7 Outcome 2)"":""Never"",""Mental Health Literacy, Brain Mechanics & Resiliency (HL7 Outcome 3)"":""Deep"",""Puberty, Body Image Pressures & Sexual/Reproductive Health (HL7 Outcome 4)"":""Over-Covered"",""Relationships, Boundaries, Digital Laws & Exploitation Awareness (HL7 Outcome 5)"":""Brief"",""Substance Literacy, Harms, Refusal & Brain Growth (HL7 Outcome 6)"":""Over-Covered""},""matrix_comments"":{},""formats"":[],""knowledge_check"":{""q1"":""B"",""q2"":""A"",""q3"":""A"",""q4"":""B"",""q5"":""B"",""q6"":""A""},""overdone"":"""",""real_questions"":"""",""where_personal"":""Go to bed by 10:30 but watch some Youtube, for a few minutes as far as 11:30"",""where_community"":""Normal"",""where_global"":""Riding my scooter"",""where_aspirational"":""Listening to music"",""teacher_note"":""I like to sit next to the window"",""auditors"":""Demetrius Sobkowich"",""partner"":"""",""section"":""804"",""date"":""Mar 27, 2013"",""answers"":{""radar_phys"":""4"",""radar_ment"":""4"",""radar_soc"":""4"",""radar_int"":""3"",""radar_spir"":""4"",""anchor_dim"":""[INT] Intellectual"",""anchor_why"":"""",""s01_dim"":"""",""s01_d1"":"""",""s01_d2"":"""",""s01_d3"":"""",""s01_advice"":"""",""s02_dim"":"""",""s02_d1"":"""",""s02_d2"":"""",""s02_d3"":"""",""s02_advice"":"""",""s03_dim"":"""",""s03_d1"":"""",""s03_d2"":"""",""s03_d3"":"""",""s03_advice"":"""",""s04_dim"":"""",""s04_d1"":"""",""s04_d2"":"""",""s04_d3"":"""",""s04_advice"":"""",""s05_dim"":"""",""s05_d1"":"""",""s05_d2"":"""",""s05_d3"":"""",""s05_advice"":"""",""s06_dim"":"""",""s06_d1"":"""",""s06_d2"":"""",""s06_d3"":"""",""s06_advice"":"""",""s07_dim"":"""",""s07_d1"":"""",""s07_d2"":"""",""s07_d3"":"""",""s07_advice"":"""",""s08_dim"":"""",""s08_d1"":"""",""s08_d2"":"""",""s08_d3"":"""",""s08_advice"":"""",""s09_dim"":"""",""s09_d1"":"""",""s09_d2"":"""",""s09_d3"":"""",""s09_advice"":"""",""s10_dim"":"""",""s10_d1"":"""",""s10_d2"":"""",""s10_d3"":"""",""s10_advice"":"""",""lab_patient"":"""",""lab_crx"":"""",""lab_repair"":""""},""_tasks"":{""HL8 5-Dimension Systems Audit"":{""updated"":""2026-09-16T12:58:19.462Z"",""summary"":""HL8 5-Dimension Systems Audit | Lead: Demetrius Sobkowich | Class: 804 | Completed: 6/60"",""data"":{""name"":""Demetrius"",""auditors"":""Demetrius Sobkowich"",""partner"":"""",""section"":""804"",""className"":""804"",""date"":""Mar 27, 2013"",""pin"":""DES"",""answers"":{""radar_phys"":""4"",""radar_ment"":""4"",""radar_soc"":""4"",""radar_int"":""3"",""radar_spir"":""4"",""anchor_dim"":""[INT] Intellectual"",""anchor_why"":"""",""s01_dim"":"""",""s01_d1"":"""",""s01_d2"":"""",""s01_d3"":"""",""s01_advice"":"""",""s02_dim"":"""",""s02_d1"":"""",""s02_d2"":"""",""s02_d3"":"""",""s02_advice"":"""",""s03_dim"":"""",""s03_d1"":"""",""s03_d2"":"""",""s03_d3"":"""",""s03_advice"":"""",""s04_dim"":"""",""s04_d1"":"""",""s04_d2"":"""",""s04_d3"":"""",""s04_advice"":"""",""s05_dim"":"""",""s05_d1"":"""",""s05_d2"":"""",""s05_d3"":"""",""s05_advice"":"""",""s06_dim"":"""",""s06_d1"":"""",""s06_d2"":"""",""s06_d3"":"""",""s06_advice"":"""",""s07_dim"":"""",""s07_d1"":"""",""s07_d2"":"""",""s07_d3"":"""",""s07_advice"":"""",""s08_dim"":"""",""s08_d1"":"""",""s08_d2"":"""",""s08_d3"":"""",""s08_advice"":"""",""s09_dim"":"""",""s09_d1"":"""",""s09_d2"":"""",""s09_d3"":"""",""s09_advice"":"""",""s10_dim"":"""",""s10_d1"":"""",""s10_d2"":"""",""s10_d3"":"""",""s10_advice"":"""",""lab_patient"":"""",""lab_crx"":"""",""lab_repair"":""""}}}}}",HL8 5-Dimension Systems Audit | Lead: Demetrius Sobkowich | Class: 804 | Completed: 6/60,9/16/2026 9:58:19,
ASP,Arielle,804,sam428152@gnspes.ca,she/hers/her,HL8 5-Dimension Systems Audit,"{""name"":""Arielle"",""pin"":""ASP"",""className"":""804"",""email"":""sam428152@gnspes.ca"",""pronouns"":""she/hers/her"",""phonetic"":""Air-ee-owl"",""transit"":""Margot,cora,vasha"",""peers"":""Margot,cora,vasha"",""curious"":""learning"",""matrix"":{""Decision-Making, Peer Norms & Emotional Coping (HL7 Outcome 1)"":""Never"",""Tech Habits, Sleep Quality, Nutrition & Disease Prevention (HL7 Outcome 2)"":""Over-Covered"",""Mental Health Literacy, Brain Mechanics & Resiliency (HL7 Outcome 3)"":""Over-Covered"",""Puberty, Body Image Pressures & Sexual/Reproductive Health (HL7 Outcome 4)"":""Not Specified"",""Relationships, Boundaries, Digital Laws & Exploitation Awareness (HL7 Outcome 5)"":""Over-Covered"",""Substance Literacy, Harms, Refusal & Brain Growth (HL7 Outcome 6)"":""Over-Covered""},""matrix_comments"":{},""formats"":[""🎯 Interactive Case Studies & Scenarios""],""knowledge_check"":{""q1"":""B"",""q2"":""A"",""q3"":""A"",""q4"":""B"",""q5"":""B"",""q6"":""C""},""overdone"":""teachers  telling me to bring a hallpase"",""real_questions"":""class field trip"",""where_personal"":""12;00 or 11;00"",""where_community"":""good and yeah"",""where_global"":""everything"",""where_aspirational"":""dnd"",""teacher_note"":""no I'm okey"",""auditors"":""Arielle Sparks"",""partner"":""Charlotte "",""section"":""804"",""date"":""Sep 16, 2026"",""answers"":{""radar_phys"":""3"",""radar_ment"":""3"",""radar_soc"":""3"",""radar_int"":""3"",""radar_spir"":""3"",""anchor_dim"":""[PHYS] Physical"",""anchor_why"":""because i like to play sports"",""s01_dim"":""[PHYS] Physical"",""s01_d1"":""goes to bed an hour later then useally "",""s01_d2"":""hes mad and lets it out on other people "",""s01_d3"":""hes really tired in practice and lets it out on his teamates "",""s01_advice"":""put a screen time and put it away before you go to bed "",""s02_dim"":"""",""s02_d1"":"""",""s02_d2"":"""",""s02_d3"":"""",""s02_advice"":"""",""s03_dim"":"""",""s03_d1"":"""",""s03_d2"":"""",""s03_d3"":"""",""s03_advice"":"""",""s04_dim"":"""",""s04_d1"":"""",""s04_d2"":"""",""s04_d3"":"""",""s04_advice"":"""",""s05_dim"":"""",""s05_d1"":"""",""s05_d2"":"""",""s05_d3"":"""",""s05_advice"":"""",""s06_dim"":"""",""s06_d1"":"""",""s06_d2"":"""",""s06_d3"":"""",""s06_advice"":"""",""s07_dim"":"""",""s07_d1"":"""",""s07_d2"":"""",""s07_d3"":"""",""s07_advice"":"""",""s08_dim"":"""",""s08_d1"":"""",""s08_d2"":"""",""s08_d3"":"""",""s08_advice"":"""",""s09_dim"":"""",""s09_d1"":"""",""s09_d2"":"""",""s09_d3"":"""",""s09_advice"":"""",""s10_dim"":"""",""s10_d1"":"""",""s10_d2"":"""",""s10_d3"":"""",""s10_advice"":"""",""lab_patient"":"""",""lab_crx"":"""",""lab_repair"":""""},""_tasks"":{""HL8 5-Dimension Systems Audit"":{""updated"":""2026-09-16T13:01:25.002Z"",""summary"":""HL8 5-Dimension Systems Audit | Lead: Arielle Sparks | Class: 804 | Completed: 12/60"",""data"":{""name"":""Arielle"",""auditors"":""Arielle Sparks"",""partner"":""Charlotte "",""section"":""804"",""className"":""804"",""date"":""Sep 16, 2026"",""pin"":""ASP"",""answers"":{""radar_phys"":""3"",""radar_ment"":""3"",""radar_soc"":""3"",""radar_int"":""3"",""radar_spir"":""3"",""anchor_dim"":""[PHYS] Physical"",""anchor_why"":""because i like to play sports"",""s01_dim"":""[PHYS] Physical"",""s01_d1"":""goes to bed an hour later then useally "",""s01_d2"":""hes mad and lets it out on other people "",""s01_d3"":""hes really tired in practice and lets it out on his teamates "",""s01_advice"":""put a screen time and put it away before you go to bed "",""s02_dim"":"""",""s02_d1"":"""",""s02_d2"":"""",""s02_d3"":"""",""s02_advice"":"""",""s03_dim"":"""",""s03_d1"":"""",""s03_d2"":"""",""s03_d3"":"""",""s03_advice"":"""",""s04_dim"":"""",""s04_d1"":"""",""s04_d2"":"""",""s04_d3"":"""",""s04_advice"":"""",""s05_dim"":"""",""s05_d1"":"""",""s05_d2"":"""",""s05_d3"":"""",""s05_advice"":"""",""s06_dim"":"""",""s06_d1"":"""",""s06_d2"":"""",""s06_d3"":"""",""s06_advice"":"""",""s07_dim"":"""",""s07_d1"":"""",""s07_d2"":"""",""s07_d3"":"""",""s07_advice"":"""",""s08_dim"":"""",""s08_d1"":"""",""s08_d2"":"""",""s08_d3"":"""",""s08_advice"":"""",""s09_dim"":"""",""s09_d1"":"""",""s09_d2"":"""",""s09_d3"":"""",""s09_advice"":"""",""s10_dim"":"""",""s10_d1"":"""",""s10_d2"":"""",""s10_d3"":"""",""s10_advice"":"""",""lab_patient"":"""",""lab_crx"":"""",""lab_repair"":""""}}}}}",HL8 5-Dimension Systems Audit | Lead: Arielle Sparks | Class: 804 | Completed: 12/60,9/16/2026 10:01:25,
KHY,Khovin,804,ykj485467@gnspes.ca,he/him,HL8 5-Dimension Systems Audit,"{""name"":""Khovin"",""pin"":""KHY"",""className"":""804"",""email"":""ykj485467@gnspes.ca"",""pronouns"":""he/him"",""phonetic"":"""",""transit"":""Jeremiah, Hasan and Cameron"",""peers"":""Jeremiah, Hasan and Cameron"",""curious"":""I am looking forward to learning about how to control your emotions"",""matrix"":{""Decision-Making, Peer Norms & Emotional Coping (HL7 Outcome 1)"":""Brief"",""Tech Habits, Sleep Quality, Nutrition & Disease Prevention (HL7 Outcome 2)"":""Brief"",""Mental Health Literacy, Brain Mechanics & Resiliency (HL7 Outcome 3)"":""Never"",""Puberty, Body Image Pressures & Sexual/Reproductive Health (HL7 Outcome 4)"":""Deep"",""Relationships, Boundaries, Digital Laws & Exploitation Awareness (HL7 Outcome 5)"":""Deep"",""Substance Literacy, Harms, Refusal & Brain Growth (HL7 Outcome 6)"":""Deep""},""matrix_comments"":{},""formats"":[],""knowledge_check"":{""q1"":""B"",""q2"":""A"",""q3"":""A"",""q4"":""B"",""q5"":""B"",""q6"":""A""},""overdone"":""I dont feel like anything was overdone but learning about substances may have been a bit overdone."",""real_questions"":""I would like to learn more about maniging your emotions and stress"",""where_personal"":""in bed by 11 but usually fall asleep 15 minutes later and I watch TV 30 minutes before bed"",""where_community"":""Feels fine the whole the whole day"",""where_global"":""shooting a basketball or playing volleyball"",""where_aspirational"":""I usually just stop texting for a while until things calm down"",""teacher_note"":"""",""auditors"":""Khovin Younger"",""partner"":"""",""section"":""804"",""date"":""Sep 16, 2026"",""answers"":{""radar_phys"":""3"",""radar_ment"":""4"",""radar_soc"":""3"",""radar_int"":""3"",""radar_spir"":""2"",""anchor_dim"":""[PHYS] Physical"",""anchor_why"":""Because I am usually very active and high energy"",""s01_dim"":""[PHYS] Physical"",""s01_d1"":""He scrolls late at night for hours and usually goes to sleep around 12 or 1 but hes supposed to go to bed at 10:30"",""s01_d2"":""He starts to get only 6hrs of sleep when he should be getting 8-9"",""s01_d3"":""He starts getting moody and begins to snap at his friends"",""s01_advice"":""I think he should set a screen time timer and try to limit his time of using his phone. Or he could put his phone in another room."",""s02_dim"":""[MENT] Mental/Emotional"",""s02_d1"":""Shes not doing anything bad, as shes getting rid of her phone at 9:15 and goes to bed at 10:30"",""s02_d2"":""Her mood is fine and shes sets up chairs at orchastra rehersal and shes fine at first period too"",""s02_d3"":""No one gets hurt in the end cause she has a good scheduale "",""s02_advice"":""No advice she is very healthy"",""s03_dim"":"""",""s03_d1"":"""",""s03_d2"":"""",""s03_d3"":"""",""s03_advice"":"""",""s04_dim"":"""",""s04_d1"":"""",""s04_d2"":"""",""s04_d3"":"""",""s04_advice"":"""",""s05_dim"":"""",""s05_d1"":"""",""s05_d2"":"""",""s05_d3"":"""",""s05_advice"":"""",""s06_dim"":"""",""s06_d1"":"""",""s06_d2"":"""",""s06_d3"":"""",""s06_advice"":"""",""s07_dim"":"""",""s07_d1"":"""",""s07_d2"":"""",""s07_d3"":"""",""s07_advice"":"""",""s08_dim"":"""",""s08_d1"":"""",""s08_d2"":"""",""s08_d3"":"""",""s08_advice"":"""",""s09_dim"":"""",""s09_d1"":"""",""s09_d2"":"""",""s09_d3"":"""",""s09_advice"":"""",""s10_dim"":"""",""s10_d1"":"""",""s10_d2"":"""",""s10_d3"":"""",""s10_advice"":"""",""lab_patient"":"""",""lab_crx"":"""",""lab_repair"":""""},""_tasks"":{""HL8 5-Dimension Systems Audit"":{""updated"":""2026-09-16T13:01:31.155Z"",""summary"":""HL8 5-Dimension Systems Audit | Lead: Khovin Younger | Class: 804 | Completed: 17/60"",""data"":{""name"":""Khovin"",""auditors"":""Khovin Younger"",""partner"":"""",""section"":""804"",""className"":""804"",""date"":""Sep 16, 2026"",""pin"":""KHY"",""answers"":{""radar_phys"":""3"",""radar_ment"":""4"",""radar_soc"":""3"",""radar_int"":""3"",""radar_spir"":""2"",""anchor_dim"":""[PHYS] Physical"",""anchor_why"":""Because I am usually very active and high energy"",""s01_dim"":""[PHYS] Physical"",""s01_d1"":""He scrolls late at night for hours and usually goes to sleep around 12 or 1 but hes supposed to go to bed at 10:30"",""s01_d2"":""He starts to get only 6hrs of sleep when he should be getting 8-9"",""s01_d3"":""He starts getting moody and begins to snap at his friends"",""s01_advice"":""I think he should set a screen time timer and try to limit his time of using his phone. Or he could put his phone in another room."",""s02_dim"":""[MENT] Mental/Emotional"",""s02_d1"":""Shes not doing anything bad, as shes getting rid of her phone at 9:15 and goes to bed at 10:30"",""s02_d2"":""Her mood is fine and shes sets up chairs at orchastra rehersal and shes fine at first period too"",""s02_d3"":""No one gets hurt in the end cause she has a good scheduale "",""s02_advice"":""No advice she is very healthy"",""s03_dim"":"""",""s03_d1"":"""",""s03_d2"":"""",""s03_d3"":"""",""s03_advice"":"""",""s04_dim"":"""",""s04_d1"":"""",""s04_d2"":"""",""s04_d3"":"""",""s04_advice"":"""",""s05_dim"":"""",""s05_d1"":"""",""s05_d2"":"""",""s05_d3"":"""",""s05_advice"":"""",""s06_dim"":"""",""s06_d1"":"""",""s06_d2"":"""",""s06_d3"":"""",""s06_advice"":"""",""s07_dim"":"""",""s07_d1"":"""",""s07_d2"":"""",""s07_d3"":"""",""s07_advice"":"""",""s08_dim"":"""",""s08_d1"":"""",""s08_d2"":"""",""s08_d3"":"""",""s08_advice"":"""",""s09_dim"":"""",""s09_d1"":"""",""s09_d2"":"""",""s09_d3"":"""",""s09_advice"":"""",""s10_dim"":"""",""s10_d1"":"""",""s10_d2"":"""",""s10_d3"":"""",""s10_advice"":"""",""lab_patient"":"""",""lab_crx"":"""",""lab_repair"":""""}}}}}",HL8 5-Dimension Systems Audit | Lead: Khovin Younger | Class: 804 | Completed: 17/60,9/16/2026 10:01:32,
TAT,Taneil,804,,,Active / Logged In,{},Initial Login,9/8/2026 11:46:57,
HAB,Habib,804,bh512244@gnspes.ca,he|him,HL8 5-Dimension Systems Audit,"{""name"":""Habib"",""pin"":""HAB"",""className"":""804"",""email"":""bh512244@gnspes.ca"",""pronouns"":""he|him"",""phonetic"":""ha -bib"",""transit"":"""",""peers"":"""",""curious"":""idk"",""matrix"":{""Decision-Making, Peer Norms & Emotional Coping (HL7 Outcome 1)"":""Brief"",""Tech Habits, Sleep Quality, Nutrition & Disease Prevention (HL7 Outcome 2)"":""Over-Covered"",""Mental Health Literacy, Brain Mechanics & Resiliency (HL7 Outcome 3)"":""Brief"",""Puberty, Body Image Pressures & Sexual/Reproductive Health (HL7 Outcome 4)"":""Brief"",""Relationships, Boundaries, Digital Laws & Exploitation Awareness (HL7 Outcome 5)"":""Never"",""Substance Literacy, Harms, Refusal & Brain Growth (HL7 Outcome 6)"":""Deep""},""matrix_comments"":{},""formats"":[],""knowledge_check"":{""q1"":""B"",""q2"":""A"",""q3"":""A"",""q4"":""B"",""q5"":""B"",""q6"":""B""},""overdone"":"""",""real_questions"":"""",""where_personal"":""12:15 am"",""where_community"":""I'm usually sleepy and everytime I  yawn in the morning I tear"",""where_global"":""walking"",""where_aspirational"":""I usually go to sleep or watch my favorite show"",""teacher_note"":"""",""_tasks"":{""Healthy Living 8: Grade 7 Learning Audit"":{""updated"":""2026-09-16T12:42:55.659Z"",""summary"":""HL8 Diagnostic (Grade 7 Audit) | Email: bh512244@gnspes.ca | Pronouns: he|him | Notes: None | Note: None"",""data"":{""name"":""Habib"",""pin"":""HAB"",""className"":""804"",""email"":""bh512244@gnspes.ca"",""pronouns"":""he|him"",""phonetic"":""ha -bib"",""transit"":"""",""peers"":"""",""curious"":""idk"",""matrix"":{""Decision-Making, Peer Norms & Emotional Coping (HL7 Outcome 1)"":""Brief"",""Tech Habits, Sleep Quality, Nutrition & Disease Prevention (HL7 Outcome 2)"":""Over-Covered"",""Mental Health Literacy, Brain Mechanics & Resiliency (HL7 Outcome 3)"":""Brief"",""Puberty, Body Image Pressures & Sexual/Reproductive Health (HL7 Outcome 4)"":""Brief"",""Relationships, Boundaries, Digital Laws & Exploitation Awareness (HL7 Outcome 5)"":""Never"",""Substance Literacy, Harms, Refusal & Brain Growth (HL7 Outcome 6)"":""Deep""},""matrix_comments"":{},""formats"":[],""knowledge_check"":{""q1"":""B"",""q2"":""A"",""q3"":""A"",""q4"":""B"",""q5"":""B"",""q6"":""B""},""overdone"":"""",""real_questions"":"""",""where_personal"":""12:15 am"",""where_community"":""I'm usually sleepy and everytime I  yawn in the morning I tear"",""where_global"":""walking"",""where_aspirational"":""I usually go to sleep or watch my favorite show"",""teacher_note"":""""}},""HL8 5-Dimension Systems Audit"":{""updated"":""2026-09-16T13:04:18.745Z"",""summary"":""HL8 5-Dimension Systems Audit | Lead: Habib Belhadj Khalifa | Class: 804 | Completed: 14/60"",""data"":{""name"":""Habib"",""auditors"":""Habib Belhadj Khalifa"",""partner"":"""",""section"":""804"",""className"":""804"",""date"":""Sep 16, 2026"",""pin"":""HAB"",""answers"":{""radar_phys"":""3"",""radar_ment"":""4"",""radar_soc"":""2"",""radar_int"":""2"",""radar_spir"":""3"",""anchor_dim"":""[MENT] Mental/Emotional"",""anchor_why"":""because I'm more of a mental\\emotional person n"",""s01_dim"":""[PHYS] Physical"",""s01_d1"":""when you sleep late just to watch your phone "",""s01_d2"":"""",""s01_d3"":"""",""s01_advice"":"""",""s02_dim"":"""",""s02_d1"":"""",""s02_d2"":"""",""s02_d3"":"""",""s02_advice"":"""",""s03_dim"":"""",""s03_d1"":"""",""s03_d2"":"""",""s03_d3"":"""",""s03_advice"":"""",""s04_dim"":"""",""s04_d1"":"""",""s04_d2"":"""",""s04_d3"":"""",""s04_advice"":"""",""s05_dim"":""[MENT] Mental/Emotional"",""s05_d1"":""when he sleeps at 12:40 am "",""s05_d2"":""it affects your mental health and your getting more tired "",""s05_d3"":""his brain and his body "",""s05_advice"":""maybe sleep at 10 pm next "",""s06_dim"":"""",""s06_d1"":"""",""s06_d2"":"""",""s06_d3"":"""",""s06_advice"":"""",""s07_dim"":"""",""s07_d1"":"""",""s07_d2"":"""",""s07_d3"":"""",""s07_advice"":"""",""s08_dim"":"""",""s08_d1"":"""",""s08_d2"":"""",""s08_d3"":"""",""s08_advice"":"""",""s09_dim"":"""",""s09_d1"":"""",""s09_d2"":"""",""s09_d3"":"""",""s09_advice"":"""",""s10_dim"":"""",""s10_d1"":"""",""s10_d2"":"""",""s10_d3"":"""",""s10_advice"":"""",""lab_patient"":"""",""lab_crx"":"""",""lab_repair"":""""}}}},""auditors"":""Habib Belhadj Khalifa"",""partner"":"""",""section"":""804"",""date"":""Sep 16, 2026"",""answers"":{""radar_phys"":""3"",""radar_ment"":""4"",""radar_soc"":""2"",""radar_int"":""2"",""radar_spir"":""3"",""anchor_dim"":""[MENT] Mental/Emotional"",""anchor_why"":""because I'm more of a mental\\emotional person n"",""s01_dim"":""[PHYS] Physical"",""s01_d1"":""when you sleep late just to watch your phone "",""s01_d2"":"""",""s01_d3"":"""",""s01_advice"":"""",""s02_dim"":"""",""s02_d1"":"""",""s02_d2"":"""",""s02_d3"":"""",""s02_advice"":"""",""s03_dim"":"""",""s03_d1"":"""",""s03_d2"":"""",""s03_d3"":"""",""s03_advice"":"""",""s04_dim"":"""",""s04_d1"":"""",""s04_d2"":"""",""s04_d3"":"""",""s04_advice"":"""",""s05_dim"":""[MENT] Mental/Emotional"",""s05_d1"":""when he sleeps at 12:40 am "",""s05_d2"":""it affects your mental health and your getting more tired "",""s05_d3"":""his brain and his body "",""s05_advice"":""maybe sleep at 10 pm next "",""s06_dim"":"""",""s06_d1"":"""",""s06_d2"":"""",""s06_d3"":"""",""s06_advice"":"""",""s07_dim"":"""",""s07_d1"":"""",""s07_d2"":"""",""s07_d3"":"""",""s07_advice"":"""",""s08_dim"":"""",""s08_d1"":"""",""s08_d2"":"""",""s08_d3"":"""",""s08_advice"":"""",""s09_dim"":"""",""s09_d1"":"""",""s09_d2"":"""",""s09_d3"":"""",""s09_advice"":"""",""s10_dim"":"""",""s10_d1"":"""",""s10_d2"":"""",""s10_d3"":"""",""s10_advice"":"""",""lab_patient"":"""",""lab_crx"":"""",""lab_repair"":""""}}",HL8 5-Dimension Systems Audit | Lead: Habib Belhadj Khalifa | Class: 804 | Completed: 14/60,9/16/2026 10:04:19,
CHT,Charles,804,tcw473752@gnspes.ca,he/him,HL8 5-Dimension Systems Audit,"{""name"":""Charles"",""pin"":""CHT"",""className"":""804"",""email"":""tcw473752@gnspes.ca"",""pronouns"":""he/him"",""phonetic"":"""",""transit"":""Max phillips"",""peers"":""Max phillips"",""curious"":"""",""matrix"":{""Decision-Making, Peer Norms & Emotional Coping (HL7 Outcome 1)"":""Deep"",""Tech Habits, Sleep Quality, Nutrition & Disease Prevention (HL7 Outcome 2)"":""Over-Covered"",""Mental Health Literacy, Brain Mechanics & Resiliency (HL7 Outcome 3)"":""Over-Covered"",""Puberty, Body Image Pressures & Sexual/Reproductive Health (HL7 Outcome 4)"":""Over-Covered"",""Relationships, Boundaries, Digital Laws & Exploitation Awareness (HL7 Outcome 5)"":""Deep"",""Substance Literacy, Harms, Refusal & Brain Growth (HL7 Outcome 6)"":""Over-Covered""},""matrix_comments"":{},""formats"":[""👥 Small-Group Problem Solving""],""knowledge_check"":{""q1"":""B"",""q2"":""A"",""q3"":""A"",""q4"":""B"",""q5"":""B"",""q6"":""A""},""overdone"":""slide presentations"",""real_questions"":""I don't care"",""where_personal"":""I go to bed at 8 but i stay up reading till 10 and then I go to sleep (sometimes I read a longer than 10 pm and stay up till 10 30 or 11)"",""where_community"":""depends what classes I have but usually I'm fine untill halfway through fourth period"",""where_global"":""swimming, espically at this time of year when the water is warm enough to swim in but cold enough to help clear your mind."",""where_aspirational"":""Im never overwhelmed"",""teacher_note"":"""",""auditors"":""Charles Towns"",""partner"":""Max Phillips "",""section"":""804"",""date"":""Sep 16, 2026"",""answers"":{""radar_phys"":"""",""radar_ment"":"""",""radar_soc"":"""",""radar_int"":"""",""radar_spir"":"""",""anchor_dim"":"""",""anchor_why"":"""",""s01_dim"":""[PHYS] Physical"",""s01_d1"":""late night scrolling on his phone"",""s01_d2"":""3 hours of sleep debt per night"",""s01_d3"":""snaps at his point gaurd"",""s01_advice"":""move his phone so its not near him while he sleeps"",""s02_dim"":"""",""s02_d1"":"""",""s02_d2"":"""",""s02_d3"":"""",""s02_advice"":"""",""s03_dim"":"""",""s03_d1"":"""",""s03_d2"":"""",""s03_d3"":"""",""s03_advice"":"""",""s04_dim"":"""",""s04_d1"":"""",""s04_d2"":"""",""s04_d3"":"""",""s04_advice"":"""",""s05_dim"":"""",""s05_d1"":"""",""s05_d2"":"""",""s05_d3"":"""",""s05_advice"":"""",""s06_dim"":"""",""s06_d1"":"""",""s06_d2"":"""",""s06_d3"":"""",""s06_advice"":"""",""s07_dim"":"""",""s07_d1"":"""",""s07_d2"":"""",""s07_d3"":"""",""s07_advice"":"""",""s08_dim"":"""",""s08_d1"":"""",""s08_d2"":"""",""s08_d3"":"""",""s08_advice"":"""",""s09_dim"":"""",""s09_d1"":"""",""s09_d2"":"""",""s09_d3"":"""",""s09_advice"":"""",""s10_dim"":""[MENT] Mental/Emotional"",""s10_d1"":""she has to work a family job"",""s10_d2"":""homework gets passed in incomplete and gets less sleep"",""s10_d3"":""her grade goes down"",""s10_advice"":""use some vacation days or just quit"",""lab_patient"":"""",""lab_crx"":"""",""lab_repair"":""""},""_tasks"":{""HL8 5-Dimension Systems Audit"":{""updated"":""2026-09-16T13:04:34.250Z"",""summary"":""HL8 5-Dimension Systems Audit | Lead: Charles Towns | Class: 804 | Completed: 10/60"",""data"":{""name"":""Charles"",""auditors"":""Charles Towns"",""partner"":""Max Phillips "",""section"":""804"",""className"":""804"",""date"":""Sep 16, 2026"",""pin"":""CHT"",""answers"":{""radar_phys"":"""",""radar_ment"":"""",""radar_soc"":"""",""radar_int"":"""",""radar_spir"":"""",""anchor_dim"":"""",""anchor_why"":"""",""s01_dim"":""[PHYS] Physical"",""s01_d1"":""late night scrolling on his phone"",""s01_d2"":""3 hours of sleep debt per night"",""s01_d3"":""snaps at his point gaurd"",""s01_advice"":""move his phone so its not near him while he sleeps"",""s02_dim"":"""",""s02_d1"":"""",""s02_d2"":"""",""s02_d3"":"""",""s02_advice"":"""",""s03_dim"":"""",""s03_d1"":"""",""s03_d2"":"""",""s03_d3"":"""",""s03_advice"":"""",""s04_dim"":"""",""s04_d1"":"""",""s04_d2"":"""",""s04_d3"":"""",""s04_advice"":"""",""s05_dim"":"""",""s05_d1"":"""",""s05_d2"":"""",""s05_d3"":"""",""s05_advice"":"""",""s06_dim"":"""",""s06_d1"":"""",""s06_d2"":"""",""s06_d3"":"""",""s06_advice"":"""",""s07_dim"":"""",""s07_d1"":"""",""s07_d2"":"""",""s07_d3"":"""",""s07_advice"":"""",""s08_dim"":"""",""s08_d1"":"""",""s08_d2"":"""",""s08_d3"":"""",""s08_advice"":"""",""s09_dim"":"""",""s09_d1"":"""",""s09_d2"":"""",""s09_d3"":"""",""s09_advice"":"""",""s10_dim"":""[MENT] Mental/Emotional"",""s10_d1"":""she has to work a family job"",""s10_d2"":""homework gets passed in incomplete and gets less sleep"",""s10_d3"":""her grade goes down"",""s10_advice"":""use some vacation days or just quit"",""lab_patient"":"""",""lab_crx"":"""",""lab_repair"":""""}}}}}",HL8 5-Dimension Systems Audit | Lead: Charles Towns | Class: 804 | Completed: 10/60,9/16/2026 10:04:34,